[{"pk": 1, "model": "articles.publishingoutlet", "fields": {"class_name": "FacebookOutlet", "module_name": "facebook", "title": "Facebook"}}, 
{"pk": 2, "model": "articles.publishingoutlet", "fields": {"class_name": "WordPressOutlet", "module_name": "wordpress", "title": "Post on Wordpress"}}, 
{"pk": 3, "model": "articles.publishingoutlet", "fields": {"class_name": "TwitterOutlet", "module_name": "twitter", "title": "Twitter"}}, 
{"pk": 1, "model": "articles.validationplugin", "fields": {"class_name": "MinMaxWordsValidator", "module_name": "standard", "title": "Minimum and Maximum Words"}}, 
{"pk": 2, "model": "articles.validationplugin", "fields": {"class_name": "ContainsKeywordsValidator", "module_name": "standard", "title": "Contains Keywords"}}, 
{"pk": 1, "model": "articles.articletype", "fields": {"name": "Simple Articles"}}, 
{"pk": 2, "model": "articles.articletype", "fields": {"name": "Rewrites"}}, 
{"pk": 3, "model": "articles.articletype", "fields": {"name": "UAW Articles"}}, 
{"pk": 1, "model": "articles.keyword", "fields": {"url": "www.google.com", "article": 1, "keyword": "Brand new", "times": 1}}, 
{"pk": 2, "model": "articles.keyword", "fields": {"url": "www.google.com", "article": 2, "keyword": "Available To All", "times": 1}}, 
{"pk": 3, "model": "articles.keyword", "fields": {"url": "www.google.com", "article": 3, "keyword": "Available to Writer", "times": 1}}, 
{"pk": 4, "model": "articles.keyword", "fields": {"url": "www.google.com", "article": 4, "keyword": "Available to Group", "times": 1}}, 
{"pk": 5, "model": "articles.keyword", "fields": {"url": "www.green.com", "article": 5, "keyword": "Claimed", "times": 1}}, 
{"pk": 6, "model": "articles.keyword", "fields": {"url": "www.google.com", "article": 6, "keyword": "Claimed and Returned", "times": 1}}, 
{"pk": 7, "model": "articles.keyword", "fields": {"url": "www.google.com", "article": 7, "keyword": "Assigned", "times": 1}}, 
{"pk": 8, "model": "articles.keyword", "fields": {"url": "www.google.com", "article": 8, "keyword": "Assigned and Returned", "times": 1}}, 
{"pk": 9, "model": "articles.keyword", "fields": {"url": "www.google.com", "article": 9, "keyword": "Reassigned", "times": 1}}, 
{"pk": 10, "model": "articles.keyword", "fields": {"url": "www.google.com", "article": 10, "keyword": "Submitted", "times": 1}}, 
{"pk": 11, "model": "articles.keyword", "fields": {"url": "www.google.com", "article": 11, "keyword": "Available to Reviewers", "times": 1}}, 
{"pk": 12, "model": "articles.keyword", "fields": {"url": "www.google.com", "article": 12, "keyword": "Available to Reviewers Group", "times": 1}}, 
{"pk": 13, "model": "articles.keyword", "fields": {"url": "www.google.com", "article": 13, "keyword": "Available to Reviewer", "times": 1}}, 
{"pk": 14, "model": "articles.keyword", "fields": {"url": "www.google.com", "article": 14, "keyword": "Assigned to Reviewer", "times": 1}}, 
{"pk": 15, "model": "articles.keyword", "fields": {"url": "www.google.com", "article": 15, "keyword": "Reassigned to another Reviewer", "times": 1}}, 
{"pk": 16, "model": "articles.keyword", "fields": {"url": "www.google.com", "article": 16, "keyword": "Accepted", "times": 1}}, 
{"pk": 17, "model": "articles.keyword", "fields": {"url": "www.google.com", "article": 17, "keyword": "Rejected", "times": 1}}, 
{"pk": 18, "model": "articles.keyword", "fields": {"url": "www.google.com", "article": 18, "keyword": "Rejected and ReAssigned", "times": 1}}, 
{"pk": 19, "model": "articles.keyword", "fields": {"url": "www.google.com", "article": 19, "keyword": "Rejected and Released to all", "times": 1}}, 
{"pk": 20, "model": "articles.keyword", "fields": {"url": "www.google.com", "article": 20, "keyword": "Rejected and Available to Person", "times": 1}}, 
{"pk": 21, "model": "articles.keyword", "fields": {"url": "www.google.com", "article": 21, "keyword": "Rejected and Available to Group", "times": 1}}, 
{"pk": 22, "model": "articles.keyword", "fields": {"url": "www.google.com", "article": 22, "keyword": "Accepted by Reviewer and then Re", "times": 1}}, 
{"pk": 23, "model": "articles.keyword", "fields": {"url": "www.google.com", "article": 23, "keyword": "Published", "times": 1}}, 
{"pk": 2, "model": "auth.user", "fields": {"username": "writer", "first_name": "Ralph", "last_name": "Writer", "is_active": true, "is_superuser": false, "is_staff": false, "last_login": "2013-08-20T17:56:40Z", "groups": [], "user_permissions": [], "password": "pbkdf2_sha256$10000$3nRnRNg65DIP$vv0YWJuqWHSMROaJAkhr87Yfs3+3o4RFy/A1ej0/nOM=", "email": "ralph@gmail.com", "date_joined": "2013-02-11T09:11:32Z"}}, 
{"pk": 3, "model": "auth.user", "fields": {"username": "requester", "first_name": "Joe", "last_name": "Requester", "is_active": true, "is_superuser": false, "is_staff": false, "last_login": "2013-02-11T09:11:48Z", "groups": [], "user_permissions": [], "password": "pbkdf2_sha256$10000$ovoHgRxZ9Dvs$6CxdV3o+Edfad1z5B8o5BLwLW4iLVIbulySaz/2ib9M=", "email": "joe@gmail.com", "date_joined": "2013-02-11T09:11:48Z"}}, 
{"pk": 4, "model": "auth.user", "fields": {"username": "fred", "first_name": "Fred", "last_name": "Reviewer", "is_active": true, "is_superuser": false, "is_staff": false, "last_login": "2013-02-11T09:11:48Z", "groups": [], "user_permissions": [], "password": "pbkdf2_sha256$10000$fjSbFnW4uleX$g07403tGh5NJiYpVB6/TCh3gEW4sHYJG10uwDfg7Qag=", "email": "", "date_joined": "2013-02-11T09:11:48Z"}}, 
{"pk": 5, "model": "auth.user", "fields": {"username": "Susan", "first_name": "Susan", "last_name": "Reviewer", "is_active": true, "is_superuser": false, "is_staff": false, "last_login": "2013-05-15T19:49:26Z", "groups": [], "user_permissions": [], "password": "pbkdf2_sha256$10000$h1U4byrxgI9l$hAgxDbzShyPpxivkHAG8iWG3mDgN786rzfgJW6ynruo=", "email": "", "date_joined": "2013-05-15T19:49:26Z"}}, 
{"pk": 66, "model": "auth.user", "fields": {"username": "Jaredt", "first_name": "Jared", "last_name": "Martin", "is_active": true, "is_superuser": false, "is_staff": false, "last_login": "2013-06-08T06:01:52Z", "groups": [], "user_permissions": [], "password": "pbkdf2_sha256$10000$nLauwd7KOsQR$HOrPbpKF30G0yB4qjsOZHVRQ/j44UwgEUGFLcfCAd0s=", "email": "", "date_joined": "2013-06-08T06:01:52Z"}}, 
{"pk": 1, "model": "articles.publishingoutletconfiguration", "fields": {"pickled_data": "\"asd\"", "outlet": 3, "user": 1}}, 
{"pk": 1, "model": "articles.articleaction", "fields": {"comment": "", "articles": [], "code": "Submitted", "author": 2, "timestamp": "2013-08-20T18:50:14Z", "user": 2, "timezone": ""}}, 
{"pk": 2, "model": "articles.articleaction", "fields": {"comment": "", "articles": [], "code": "Submitted", "author": 2, "timestamp": "2013-08-20T18:52:09Z", "user": 2, "timezone": ""}}, 
{"pk": 3, "model": "articles.articleaction", "fields": {"comment": "", "articles": [], "code": "Submitted", "author": 2, "timestamp": "2013-08-20T18:59:33Z", "user": 2, "timezone": ""}}, 
{"pk": 4, "model": "articles.articleaction", "fields": {"comment": "", "articles": [], "code": "Submitted", "author": 2, "timestamp": "2013-08-20T19:00:17Z", "user": 2, "timezone": ""}}, 
{"pk": 5, "model": "articles.articleaction", "fields": {"comment": "", "articles": [], "code": "Submitted", "author": 2, "timestamp": "2013-08-20T19:00:39Z", "user": 2, "timezone": ""}}, 
{"pk": 6, "model": "articles.articleaction", "fields": {"comment": "", "articles": [], "code": "Submitted", "author": 2, "timestamp": "2013-08-20T19:01:06Z", "user": 2, "timezone": ""}}, 
{"pk": 7, "model": "articles.articleaction", "fields": {"comment": "", "articles": [], "code": "Submitted", "author": 2, "timestamp": "2013-08-20T21:19:31Z", "user": 2, "timezone": ""}}, 
{"pk": 8, "model": "articles.articleaction", "fields": {"comment": "", "articles": [], "code": "Submitted", "author": 2, "timestamp": "2013-08-20T22:22:27Z", "user": 2, "timezone": ""}}, 
{"pk": 9, "model": "articles.articleaction", "fields": {"comment": "", "articles": [], "code": "Submitted", "author": 2, "timestamp": "2013-08-20T22:23:04Z", "user": 2, "timezone": ""}}, 
{"pk": 10, "model": "articles.articleaction", "fields": {"comment": "", "articles": [], "code": "Submitted", "author": 2, "timestamp": "2013-08-20T22:23:59Z", "user": 2, "timezone": ""}}, 
{"pk": 11, "model": "articles.articleaction", "fields": {"comment": "", "articles": [], "code": "Submitted", "author": 2, "timestamp": "2013-08-20T22:24:16Z", "user": 2, "timezone": ""}}, 
{"pk": 12, "model": "articles.articleaction", "fields": {"comment": "", "articles": [], "code": "Submitted", "author": 2, "timestamp": "2013-08-20T22:24:31Z", "user": 2, "timezone": ""}}, 
{"pk": 13, "model": "articles.articleaction", "fields": {"comment": "", "articles": [], "code": "Submitted", "author": 2, "timestamp": "2013-08-20T22:24:52Z", "user": 2, "timezone": ""}}, 
{"pk": 14, "model": "articles.articleaction", "fields": {"comment": "Ugly", "articles": [], "code": "Rejected", "author": 2, "timestamp": "2013-08-20T22:27:00Z", "user": 1, "timezone": ""}}, 
{"pk": 15, "model": "articles.articleaction", "fields": {"comment": "", "articles": [], "code": "Submitted", "author": 2, "timestamp": "2013-08-20T22:39:23Z", "user": 2, "timezone": ""}}, 
{"pk": 16, "model": "articles.articleaction", "fields": {"comment": "Ugly", "articles": [], "code": "Rejected", "author": 2, "timestamp": "2013-08-20T22:39:52Z", "user": 1, "timezone": ""}}, 
{"pk": 17, "model": "articles.articleaction", "fields": {"comment": "Ugly", "articles": [], "code": "Rejected", "author": 2, "timestamp": "2013-08-20T22:40:53Z", "user": 1, "timezone": ""}}, 
{"pk": 18, "model": "articles.articleaction", "fields": {"comment": "", "articles": [], "code": "Submitted", "author": 2, "timestamp": "2013-08-20T22:41:16Z", "user": 2, "timezone": ""}}, 
{"pk": 19, "model": "articles.articleaction", "fields": {"comment": "Ugkky", "articles": [], "code": "Rejected", "author": 2, "timestamp": "2013-08-20T22:42:00Z", "user": 1, "timezone": ""}}, 
{"pk": 20, "model": "articles.articleaction", "fields": {"comment": "", "articles": [], "code": "Submitted", "author": 2, "timestamp": "2013-08-20T22:42:49Z", "user": 2, "timezone": ""}}, 
{"pk": 21, "model": "articles.articleaction", "fields": {"comment": "Ugkky", "articles": [], "code": "Rejected", "author": 2, "timestamp": "2013-08-20T22:42:59Z", "user": 1, "timezone": ""}}, 
{"pk": 22, "model": "articles.articleaction", "fields": {"comment": "", "articles": [], "code": "Submitted", "author": 2, "timestamp": "2013-08-20T22:43:24Z", "user": 2, "timezone": ""}}, 
{"pk": 23, "model": "articles.articleaction", "fields": {"comment": "Ugkky", "articles": [], "code": "Rejected", "author": 2, "timestamp": "2013-08-20T22:43:36Z", "user": 1, "timezone": ""}}, 
{"pk": 24, "model": "articles.articleaction", "fields": {"comment": "", "articles": [], "code": "Submitted", "author": 2, "timestamp": "2013-08-20T22:44:21Z", "user": 2, "timezone": ""}}, 
{"pk": 25, "model": "articles.articleaction", "fields": {"comment": "Ugly", "articles": [], "code": "Rejected", "author": 2, "timestamp": "2013-08-20T22:44:56Z", "user": 1, "timezone": ""}}, 
{"pk": 26, "model": "articles.articleaction", "fields": {"comment": "ugly", "articles": [], "code": "Rejected", "author": 2, "timestamp": "2013-08-20T22:48:11Z", "user": 1, "timezone": ""}}, 
{"pk": 27, "model": "articles.articleaction", "fields": {"comment": "", "articles": [], "code": "Submitted", "author": 2, "timestamp": "2013-08-20T22:48:45Z", "user": 2, "timezone": ""}}, 
{"pk": 28, "model": "articles.articleaction", "fields": {"comment": "", "articles": [], "code": "Submitted", "author": 2, "timestamp": "2013-08-20T22:48:46Z", "user": 2, "timezone": ""}}, 
{"pk": 29, "model": "articles.articleaction", "fields": {"comment": "", "articles": [], "code": "Approved", "author": null, "timestamp": "2013-08-20T22:59:08Z", "user": 1, "timezone": ""}}, 
{"pk": 30, "model": "articles.articleaction", "fields": {"comment": "", "articles": [], "code": "Approved", "author": null, "timestamp": "2013-08-20T22:59:59Z", "user": 1, "timezone": ""}}, 
{"pk": 31, "model": "articles.articleaction", "fields": {"comment": "ugly", "articles": [], "code": "Rejected", "author": 2, "timestamp": "2013-08-20T23:01:10Z", "user": 1, "timezone": ""}}, 
{"pk": 32, "model": "articles.articleaction", "fields": {"comment": "", "articles": [], "code": "Submitted", "author": 2, "timestamp": "2013-08-21T04:13:28Z", "user": 2, "timezone": ""}}, 
{"pk": 33, "model": "articles.articleaction", "fields": {"comment": "asd", "articles": [], "code": "Rejected", "author": 2, "timestamp": "2013-08-21T04:15:46Z", "user": 1, "timezone": ""}}, 
{"pk": 34, "model": "articles.articleaction", "fields": {"comment": "", "articles": [], "code": "Approved", "author": null, "timestamp": "2013-08-21T04:22:32Z", "user": 1, "timezone": ""}}, 
{"pk": 35, "model": "articles.articleaction", "fields": {"comment": "returned", "articles": [], "code": "Rejected", "author": 2, "timestamp": "2013-08-21T04:22:46Z", "user": 1, "timezone": ""}}, 
{"pk": 36, "model": "articles.articleaction", "fields": {"comment": "something", "articles": [], "code": "Rejected", "author": 2, "timestamp": "2013-08-21T04:24:18Z", "user": 1, "timezone": ""}}, 
{"pk": 37, "model": "articles.articleaction", "fields": {"comment": "asd", "articles": [], "code": "Rejected", "author": 2, "timestamp": "2013-08-21T04:25:30Z", "user": 1, "timezone": ""}}, 
{"pk": 38, "model": "articles.articleaction", "fields": {"comment": "", "articles": [], "code": "Approved", "author": null, "timestamp": "2013-08-21T04:26:07Z", "user": 1, "timezone": ""}}, 
{"pk": 39, "model": "articles.articleaction", "fields": {"comment": "asd", "articles": [], "code": "Rejected", "author": 2, "timestamp": "2013-08-21T04:26:15Z", "user": 1, "timezone": ""}}, 
{"pk": 40, "model": "articles.articleaction", "fields": {"comment": "", "articles": [], "code": "Approved", "author": null, "timestamp": "2013-08-21T04:26:26Z", "user": 1, "timezone": ""}}, 
{"pk": 1, "model": "articles.contact", "fields": {"confirmation": true, "name": "Red Writer", "user_asked": 1, "worker": 2, "requester": 1, "position": 1}}, 
{"pk": 2, "model": "articles.contact", "fields": {"confirmation": true, "name": "Gold Writers", "user_asked": 1, "worker": 2, "requester": 1, "position": 1}}, 
{"pk": 3, "model": "articles.contact", "fields": {"confirmation": true, "name": "Gold Writers", "user_asked": 1, "worker": 4, "requester": 1, "position": 1}}, 
{"pk": 4, "model": "articles.contact", "fields": {"confirmation": true, "name": "Gold Writers", "user_asked": 1, "worker": 5, "requester": 1, "position": 1}}, 
{"pk": 5, "model": "articles.contact", "fields": {"confirmation": true, "name": "Fred", "user_asked": 1, "worker": 4, "requester": 1, "position": 1}}, 
{"pk": 6, "model": "articles.contact", "fields": {"confirmation": true, "name": "Fred", "user_asked": 1, "worker": 4, "requester": 1, "position": 2}}, 
{"pk": 7, "model": "articles.contact", "fields": {"confirmation": true, "name": "Best Reviewers", "user_asked": 1, "worker": 5, "requester": 1, "position": 2}}, 
{"pk": 1, "model": "articles.article", "fields": {"status": "Unassigned", "last_action": null, "article_notes": "", "article_type": 1, "minimum": 100, "owner": 1, "reviewer": null, "category": null, "style": "", "title": "", "writer": null, "priority": 1, "reviewer_availability": "Nobody", "was_claimed": false, "body": "", "description": "This is a brand new article that has never been made available to anyone.", "tags": "", "deleted": false, "price": "", "expires": null, "rejected": null, "purpose": "", "review_notes": "", "approved": null, "referrals": "", "language": "en", "maximum": 0, "submitted": null, "project": null, "published": null, "writer_availability": "Nobody"}}, 
{"pk": 2, "model": "articles.article", "fields": {"status": "Unassigned", "last_action": null, "article_notes": "", "article_type": 1, "minimum": 100, "owner": 1, "reviewer": null, "category": null, "style": "", "title": "", "writer": null, "priority": 1, "reviewer_availability": "Nobody", "was_claimed": false, "body": "", "description": "This article is new and has been made available to all.", "tags": "", "deleted": false, "price": "", "expires": null, "rejected": null, "purpose": "", "review_notes": "", "approved": null, "referrals": "", "language": "en", "maximum": 0, "submitted": null, "project": null, "published": null, "writer_availability": ""}}, 
{"pk": 3, "model": "articles.article", "fields": {"status": "Unassigned", "last_action": null, "article_notes": "", "article_type": 1, "minimum": 100, "owner": 1, "reviewer": null, "category": null, "style": "", "title": "", "writer": null, "priority": 1, "reviewer_availability": "", "was_claimed": false, "body": "", "description": "This is a simple article that is Available to particular Writer", "tags": "", "deleted": false, "price": "", "expires": null, "rejected": null, "purpose": "", "review_notes": "", "approved": null, "referrals": "", "language": "en", "maximum": 0, "submitted": null, "project": null, "published": null, "writer_availability": "Red Writer"}}, 
{"pk": 4, "model": "articles.article", "fields": {"status": "Unassigned", "last_action": null, "article_notes": "", "article_type": 1, "minimum": 100, "owner": 1, "reviewer": null, "category": null, "style": "", "title": "", "writer": null, "priority": 1, "reviewer_availability": "", "was_claimed": false, "body": "", "description": "An article that is Available to Group Gold Writers", "tags": "", "deleted": false, "price": "", "expires": null, "rejected": null, "purpose": "", "review_notes": "", "approved": null, "referrals": "", "language": "en", "maximum": 0, "submitted": null, "project": null, "published": null, "writer_availability": "Gold Writers"}}, 
{"pk": 5, "model": "articles.article", "fields": {"status": "Assigned to Writer", "last_action": null, "article_notes": "", "article_type": 1, "minimum": 100, "owner": 1, "reviewer": null, "category": null, "style": "", "title": "", "writer": 2, "priority": 1, "reviewer_availability": "", "was_claimed": true, "body": "", "description": "Claimed", "tags": "", "deleted": false, "price": "", "expires": null, "rejected": null, "purpose": "", "review_notes": "", "approved": null, "referrals": "", "language": "en", "maximum": 0, "submitted": null, "project": null, "published": null, "writer_availability": ""}}, 
{"pk": 6, "model": "articles.article", "fields": {"status": "Unassigned", "last_action": null, "article_notes": "", "article_type": 1, "minimum": 100, "owner": 1, "reviewer": null, "category": null, "style": "", "title": "", "writer": null, "priority": 1, "reviewer_availability": "", "was_claimed": false, "body": "", "description": "Claimed and Returned", "tags": "", "deleted": false, "price": "", "expires": null, "rejected": null, "purpose": "", "review_notes": "", "approved": null, "referrals": "", "language": "en", "maximum": 0, "submitted": null, "project": null, "published": null, "writer_availability": ""}}, 
{"pk": 7, "model": "articles.article", "fields": {"status": "Assigned to Writer", "last_action": null, "article_notes": "", "article_type": 1, "minimum": 100, "owner": 1, "reviewer": null, "category": null, "style": "", "title": "", "writer": 2, "priority": 1, "reviewer_availability": "", "was_claimed": false, "body": "", "description": "This article has been Assigned to a writer", "tags": "", "deleted": false, "price": "", "expires": null, "rejected": null, "purpose": "", "review_notes": "", "approved": null, "referrals": "", "language": "en", "maximum": 0, "submitted": null, "project": null, "published": null, "writer_availability": ""}}, 
{"pk": 8, "model": "articles.article", "fields": {"status": "Unassigned", "last_action": null, "article_notes": "", "article_type": 1, "minimum": 100, "owner": 1, "reviewer": null, "category": null, "style": "", "title": "", "writer": null, "priority": 1, "reviewer_availability": "", "was_claimed": false, "body": "", "description": "This article has been Assigned and Returned", "tags": "", "deleted": false, "price": "", "expires": null, "rejected": null, "purpose": "", "review_notes": "", "approved": null, "referrals": "", "language": "en", "maximum": 0, "submitted": null, "project": null, "published": null, "writer_availability": ""}}, 
{"pk": 9, "model": "articles.article", "fields": {"status": "Assigned to Writer", "last_action": null, "article_notes": "", "article_type": 1, "minimum": 100, "owner": 1, "reviewer": null, "category": null, "style": "", "title": "", "writer": 2, "priority": 1, "reviewer_availability": "Nobody", "was_claimed": false, "body": "", "description": "Reassigned", "tags": "", "deleted": false, "price": "", "expires": null, "rejected": null, "purpose": "", "review_notes": "", "approved": null, "referrals": "", "language": "en", "maximum": 0, "submitted": null, "project": null, "published": null, "writer_availability": "Fred"}}, 
{"pk": 10, "model": "articles.article", "fields": {"status": "Submitted", "last_action": 1, "article_notes": "", "article_type": 1, "minimum": 100, "owner": 1, "reviewer": null, "category": null, "style": "", "title": "Submitted", "writer": 2, "priority": 1, "reviewer_availability": "Nobody", "was_claimed": false, "body": "<p style=\"font-style: italic; \">Submitted is a really good word is a really good word is a really good word is a really good word is a really good word is a really good word is a really good word is a really good word is a really good word is a really good word is a really good word is a really good word is a really good word is a really good word is a really good word is a really good word is a really good word is a really good word is a really good word is a really good word</p>\r\n", "description": "Submitted", "tags": "", "deleted": false, "price": "", "expires": null, "rejected": null, "purpose": "", "review_notes": "", "approved": null, "referrals": "", "language": "en", "maximum": 0, "submitted": 1, "project": null, "published": null, "writer_availability": ""}}, 
{"pk": 11, "model": "articles.article", "fields": {"status": "Submitted", "last_action": 2, "article_notes": "", "article_type": 1, "minimum": 100, "owner": 1, "reviewer": null, "category": null, "style": "", "title": "Available to Reviewers", "writer": 2, "priority": 1, "reviewer_availability": "", "was_claimed": false, "body": "<p>Available to Reviewers is a really good word is a really good word is a really good word is a really good word is a really good word is a really good word is a really good word is a really good word is a really good word is a really good word is a really good word is a really good word is a really good word is a really good word is a really good word is a really good word is a really good word is a really good word is a really good word is a really good word</p>\r\n", "description": "Available to Reviewers", "tags": "", "deleted": false, "price": "", "expires": null, "rejected": null, "purpose": "", "review_notes": "", "approved": null, "referrals": "", "language": "en", "maximum": 0, "submitted": 2, "project": null, "published": null, "writer_availability": "Nobody"}}, 
{"pk": 12, "model": "articles.article", "fields": {"status": "Submitted", "last_action": 3, "article_notes": "", "article_type": 1, "minimum": 100, "owner": 1, "reviewer": null, "category": null, "style": "", "title": "Available to Reviewers Group", "writer": 2, "priority": 1, "reviewer_availability": "Best Reviewers", "was_claimed": false, "body": "<p>Available to Reviewers Group&nbsp;<span style=\"font-style: italic; \">Submitted is a really good word is a really good word is a really good word is a really good word is a really good word is a really good word is a really good word is a really good word is a really good word is a really good word is a really good word is a really good word is a really good word is a really good word is a really good word is a really good word is a really good word is a really good word is a really good word is a really good word</span></p>\r\n", "description": "Available to Reviewers Group", "tags": "", "deleted": false, "price": "", "expires": null, "rejected": null, "purpose": "", "review_notes": "", "approved": null, "referrals": "", "language": "en", "maximum": 0, "submitted": 3, "project": null, "published": null, "writer_availability": "Nobody"}}, 
{"pk": 13, "model": "articles.article", "fields": {"status": "Submitted", "last_action": 4, "article_notes": "", "article_type": 1, "minimum": 100, "owner": 1, "reviewer": null, "category": null, "style": "", "title": "Available to Reviewer", "writer": 2, "priority": 1, "reviewer_availability": "Fred", "was_claimed": false, "body": "<p>Available to Reviewer&nbsp;<span style=\"font-style: italic; \">Submitted is a really good word is a really good word is a really good word is a really good word is a really good word is a really good word is a really good word is a really good word is a really good word is a really good word is a really good word is a really good word is a really good word is a really good word is a really good word is a really good word is a really good word is a really good word is a really good word is a really good word</span></p>\r\n", "description": "Available to Reviewer", "tags": "", "deleted": false, "price": "", "expires": null, "rejected": null, "purpose": "", "review_notes": "", "approved": null, "referrals": "", "language": "en", "maximum": 0, "submitted": 4, "project": null, "published": null, "writer_availability": "Nobody"}}, 
{"pk": 14, "model": "articles.article", "fields": {"status": "Submitted", "last_action": 5, "article_notes": "", "article_type": 1, "minimum": 100, "owner": 1, "reviewer": 4, "category": null, "style": "", "title": "Assigned to Reviewer", "writer": 2, "priority": 1, "reviewer_availability": "Nobody", "was_claimed": false, "body": "<p>Assigned to Reviewer&nbsp;<span style=\"font-style: italic; \">Submitted is a really good word is a really good word is a really good word is a really good word is a really good word is a really good word is a really good word is a really good word is a really good word is a really good word is a really good word is a really good word is a really good word is a really good word is a really good word is a really good word is a really good word is a really good word is a really good word is a really good word</span></p>\r\n", "description": "Assigned to Reviewer", "tags": "", "deleted": false, "price": "", "expires": null, "rejected": null, "purpose": "", "review_notes": "", "approved": null, "referrals": "", "language": "en", "maximum": 0, "submitted": 5, "project": null, "published": null, "writer_availability": "Nobody"}}, 
{"pk": 15, "model": "articles.article", "fields": {"status": "Submitted", "last_action": 6, "article_notes": "", "article_type": 1, "minimum": 100, "owner": 1, "reviewer": 5, "category": null, "style": "", "title": "Reassigned to another Reviewer", "writer": 2, "priority": 1, "reviewer_availability": "Nobody", "was_claimed": false, "body": "<h1 style=\"margin: 10px 0px; font-family: Lato, sans-serif; font-weight: 700; color: rgb(52, 73, 94); text-rendering: optimizelegibility; font-size: 62.006px; \">Reassigned to another Reviewer<span style=\"font-style: italic; \">Submitted is a really good word is a really good word is a really good word is a really good word is a really good word is a really good word is a really good word is a really good word is a really good word is a really good word is a really good word is a really good word is a really good word is a really good word is a really good word is a really good word is a really good word is a really good word is a really good word is a really good word</span></h1>\r\n", "description": "Reassigned to another Reviewer", "tags": "", "deleted": false, "price": "", "expires": null, "rejected": null, "purpose": "", "review_notes": "", "approved": null, "referrals": "", "language": "en", "maximum": 0, "submitted": 6, "project": null, "published": null, "writer_availability": "Nobody"}}, 
{"pk": 16, "model": "articles.article", "fields": {"status": "Unassigned", "last_action": null, "article_notes": "", "article_type": 1, "minimum": 100, "owner": 1, "reviewer": null, "category": null, "style": "", "title": "", "writer": null, "priority": 1, "reviewer_availability": "Nobody", "was_claimed": false, "body": "", "description": "Accepted", "tags": "", "deleted": false, "price": "", "expires": null, "rejected": null, "purpose": "", "review_notes": "", "approved": null, "referrals": "", "language": "en", "maximum": 0, "submitted": null, "project": null, "published": null, "writer_availability": "Nobody"}}, 
{"pk": 17, "model": "articles.article", "fields": {"status": "Assigned to Writer", "last_action": 15, "article_notes": "", "article_type": 1, "minimum": 100, "owner": 1, "reviewer": null, "category": null, "style": "", "title": "Rejected", "writer": 2, "priority": 1, "reviewer_availability": "Nobody", "was_claimed": false, "body": "<p>Rejected&nbsp;<span style=\"font-style: italic; \">Submitted is a really good word is a really good word is a really good word is a really good word is a really good word is a really good word is a really good word is a really good word is a really good word is a really good word is a really good word is a really good word is a really good word is a really good word is a really good word is a really good word is a really good word is a really good word is a really good word is a really good word</span></p>\r\n", "description": "Rejected", "tags": "", "deleted": false, "price": "", "expires": null, "rejected": 16, "purpose": "", "review_notes": "", "approved": null, "referrals": "", "language": "en", "maximum": 0, "submitted": null, "project": null, "published": null, "writer_availability": "Nobody"}}, 
{"pk": 18, "model": "articles.article", "fields": {"status": "Assigned to Writer", "last_action": 8, "article_notes": "", "article_type": 1, "minimum": 100, "owner": 1, "reviewer": null, "category": null, "style": "", "title": "Rejected and ReAssigned", "writer": 2, "priority": 1, "reviewer_availability": "", "was_claimed": false, "body": "<p><span style=\"color: rgb(52, 73, 94); font-family: Lato, sans-serif; font-size: 14px; line-height: 17px; \">Rejected </span>and<span style=\"color: rgb(52, 73, 94); font-family: Lato, sans-serif; font-size: 14px; line-height: 17px; \"> ReAssigned&nbsp;</span><span style=\"font-style: italic; \">Submitted is a really good word is a really good word is a really good word is a really good word is a really good word is a really good word is a really good word is a really good word is a really good word is a really good word is a really good word is a really good word is a really good word is a really good word is a really good word is a really good word is a really good word is a really good word is a really good word is a really good word</span></p>\r\n", "description": "Rejected and ReAssigned", "tags": "", "deleted": false, "price": "", "expires": null, "rejected": 36, "purpose": "", "review_notes": "", "approved": null, "referrals": "", "language": "en", "maximum": 0, "submitted": null, "project": null, "published": null, "writer_availability": ""}}, 
{"pk": 19, "model": "articles.article", "fields": {"status": "Released", "last_action": 32, "article_notes": "", "article_type": 1, "minimum": 100, "owner": 1, "reviewer": null, "category": null, "style": "", "title": "Rejected and Released to all", "writer": null, "priority": 1, "reviewer_availability": "", "was_claimed": true, "body": "<p><span style=\"color: rgb(52, 73, 94); font-family: Lato, sans-serif; font-size: 14px; line-height: 17px; \">Rejected and Released to all&nbsp;</span>Assigned to Reviewer&nbsp;<span style=\"font-style: italic; \">Submitted is a really good word is a really good word is a really good word is a really good word is a really good word is a really good word is a really good word is a really good word is a really good word is a really good word is a really good word is a really good word is a really good word is a really good word is a really good word is a really good word is a really good word is a really good word is a really good word is a really good word</span></p>\r\n", "description": "Rejected and Released to all", "tags": "", "deleted": false, "price": "", "expires": null, "rejected": 33, "purpose": "", "review_notes": "", "approved": null, "referrals": "", "language": "en", "maximum": 0, "submitted": null, "project": null, "published": null, "writer_availability": ""}}, 
{"pk": 20, "model": "articles.article", "fields": {"status": "Assigned to Writer", "last_action": 34, "article_notes": "", "article_type": 1, "minimum": 100, "owner": 1, "reviewer": null, "category": null, "style": "", "title": "Rejected and Available to Person", "writer": 2, "priority": 1, "reviewer_availability": "", "was_claimed": false, "body": "<p>Rejected and Available to Person&nbsp;Assigned to Reviewer&nbsp;<span style=\"font-style: italic; \">Submitted is a really good word is a really good word is a really good word is a really good word is a really good word is a really good word is a really good word is a really good word is a really good word is a really good word is a really good word is a really good word is a really good word is a really good word is a really good word is a really good word is a really good word is a really good word is a really good word is a really good word</span></p>\r\n", "description": "Rejected and Available to Person", "tags": "", "deleted": false, "price": "", "expires": null, "rejected": 35, "purpose": "", "review_notes": "", "approved": null, "referrals": "", "language": "en", "maximum": 0, "submitted": null, "project": null, "published": null, "writer_availability": ""}}, 
{"pk": 21, "model": "articles.article", "fields": {"status": "Released", "last_action": 12, "article_notes": "", "article_type": 1, "minimum": 100, "owner": 1, "reviewer": null, "category": null, "style": "", "title": "Rejected and Available to Group", "writer": null, "priority": 1, "reviewer_availability": "", "was_claimed": false, "body": "<p><span style=\"color: rgb(52, 73, 94); font-family: Lato, sans-serif; font-size: 14px; line-height: 17px; \">Rejected and Available to Group&nbsp;</span>Assigned to Reviewer&nbsp;<span style=\"font-style: italic; \">Submitted is a really good word is a really good word is a really good word is a really good word is a really good word is a really good word is a really good word is a really good word is a really good word is a really good word is a really good word is a really good word is a really good word is a really good word is a really good word is a really good word is a really good word is a really good word is a really good word is a really good word</span></p>\r\n", "description": "Rejected and Available to Group", "tags": "", "deleted": false, "price": "", "expires": null, "rejected": 37, "purpose": "", "review_notes": "", "approved": null, "referrals": "", "language": "en", "maximum": 0, "submitted": null, "project": null, "published": null, "writer_availability": "Gold Writers"}}, 
{"pk": 22, "model": "articles.article", "fields": {"status": "Released", "last_action": 38, "article_notes": "", "article_type": 1, "minimum": 100, "owner": 1, "reviewer": null, "category": null, "style": "", "title": "Accepted by Reviewer and then Rejected by Owner", "writer": null, "priority": 1, "reviewer_availability": "Nobody", "was_claimed": false, "body": "<p><span style=\"color: rgb(52, 73, 94); font-family: Lato, sans-serif; font-size: 14px; line-height: 17px; \">Accepted by Reviewer and then Rejected by Owner&nbsp;</span>Assigned to Reviewer&nbsp;<span style=\"font-style: italic; \">Submitted is a really good word is a really good word is a really good word is a really good word is a really good word is a really good word is a really good word is a really good word is a really good word is a really good word is a really good word is a really good word is a really good word is a really good word is a really good word is a really good word is a really good word is a really good word is a really good word is a really good word</span></p>\r\n", "description": "Accepted by Reviewer and then Rejected by Owner", "tags": "", "deleted": false, "price": "", "expires": null, "rejected": 39, "purpose": "", "review_notes": "", "approved": null, "referrals": "", "language": "en", "maximum": 0, "submitted": null, "project": null, "published": null, "writer_availability": "Nobody"}}, 
{"pk": 23, "model": "articles.article", "fields": {"status": "Published", "last_action": 40, "article_notes": "", "article_type": 1, "minimum": 100, "owner": 1, "reviewer": null, "category": null, "style": "", "title": "Published", "writer": 2, "priority": 1, "reviewer_availability": "Nobody", "was_claimed": false, "body": "<p><span style=\"color: rgb(52, 73, 94); font-family: Lato, sans-serif; font-size: 14px; line-height: 17px; \">Published&nbsp;</span>Assigned to Reviewer&nbsp;<span style=\"font-style: italic; \">Submitted is a really good word is a really good word is a really good word is a really good word is a really good word is a really good word is a really good word is a really good word is a really good word is a really good word is a really good word is a really good word is a really good word is a really good word is a really good word is a really good word is a really good word is a really good word is a really good word is a really good word</span></p>\r\n", "description": "Published", "tags": "", "deleted": false, "price": "", "expires": null, "rejected": null, "purpose": "", "review_notes": "", "approved": 40, "referrals": "", "language": "en", "maximum": 0, "submitted": 13, "project": null, "published": null, "writer_availability": "Nobody"}}, 
{"pk": 1, "model": "articles.userprofile", "fields": {"access_token": "", "timezone": "Africa/Tunis", "article_list_view": "published", "user": 1, "mode": 2}}, 
{"pk": 2, "model": "articles.userprofile", "fields": {"access_token": "", "timezone": "America/Chicago", "article_list_view": "rejected", "user": 2, "mode": 1}}]