[{"pk": 23, "model": "contenttypes.contenttype", "fields": {"model": "article", "name": "article", "app_label": "articles"}}, {"pk": 20, "model": "contenttypes.contenttype", "fields": {"model": "articleaction", "name": "article action", "app_label": "articles"}}, {"pk": 24, "model": "contenttypes.contenttype", "fields": {"model": "articlemessage", "name": "article message", "app_label": "articles"}}, {"pk": 12, "model": "contenttypes.contenttype", "fields": {"model": "articletype", "name": "article type", "app_label": "articles"}}, {"pk": 21, "model": "contenttypes.contenttype", "fields": {"model": "availability", "name": "availability", "app_label": "articles"}}, {"pk": 22, "model": "contenttypes.contenttype", "fields": {"model": "category", "name": "category", "app_label": "articles"}}, {"pk": 14, "model": "contenttypes.contenttype", "fields": {"model": "contact", "name": "contact", "app_label": "articles"}}, {"pk": 17, "model": "contenttypes.contenttype", "fields": {"model": "contactgroup", "name": "contact group", "app_label": "articles"}}, {"pk": 4, "model": "contenttypes.contenttype", "fields": {"model": "contenttype", "name": "content type", "app_label": "contenttypes"}}, {"pk": 2, "model": "contenttypes.contenttype", "fields": {"model": "group", "name": "group", "app_label": "auth"}}, {"pk": 25, "model": "contenttypes.contenttype", "fields": {"model": "keyword", "name": "keyword", "app_label": "articles"}}, {"pk": 7, "model": "contenttypes.contenttype", "fields": {"model": "logentry", "name": "log entry", "app_label": "admin"}}, {"pk": 1, "model": "contenttypes.contenttype", "fields": {"model": "permission", "name": "permission", "app_label": "auth"}}, {"pk": 13, "model": "contenttypes.contenttype", "fields": {"model": "project", "name": "project", "app_label": "articles"}}, {"pk": 9, "model": "contenttypes.contenttype", "fields": {"model": "publishingoutlet", "name": "publishing outlet", "app_label": "articles"}}, {"pk": 11, "model": "contenttypes.contenttype", "fields": {"model": "publishingoutletconfiguration", "name": "publishing outlet configuration", "app_label": "articles"}}, {"pk": 16, "model": "contenttypes.contenttype", "fields": {"model": "reviewer", "name": "reviewer", "app_label": "articles"}}, {"pk": 19, "model": "contenttypes.contenttype", "fields": {"model": "reviewergroup", "name": "reviewer group", "app_label": "articles"}}, {"pk": 5, "model": "contenttypes.contenttype", "fields": {"model": "session", "name": "session", "app_label": "sessions"}}, {"pk": 6, "model": "contenttypes.contenttype", "fields": {"model": "site", "name": "site", "app_label": "sites"}}, {"pk": 8, "model": "contenttypes.contenttype", "fields": {"model": "testoutlet", "name": "test outlet", "app_label": "articles"}}, {"pk": 3, "model": "contenttypes.contenttype", "fields": {"model": "user", "name": "user", "app_label": "auth"}}, {"pk": 26, "model": "contenttypes.contenttype", "fields": {"model": "userprofile", "name": "user profile", "app_label": "articles"}}, {"pk": 10, "model": "contenttypes.contenttype", "fields": {"model": "validationplugin", "name": "validation plugin", "app_label": "articles"}}, {"pk": 15, "model": "contenttypes.contenttype", "fields": {"model": "writer", "name": "writer", "app_label": "articles"}}, {"pk": 18, "model": "contenttypes.contenttype", "fields": {"model": "writergroup", "name": "writer group", "app_label": "articles"}}, {"pk": "e8deb0754ec308f85fb935d54cf757cc", "model": "sessions.session", "fields": {"expire_date": "2013-11-11T16:45:01.073Z", "session_data": "NTU3MTRkZGNkZWJkMTc4Mjc0ZDVjOTNhYTcyYmI5N2U0NjcyOTBlMDqAAn1xAShVEl9hdXRoX3Vz\nZXJfYmFja2VuZHECVSlkamFuZ28uY29udHJpYi5hdXRoLmJhY2tlbmRzLk1vZGVsQmFja2VuZHED\nVQ1fYXV0aF91c2VyX2lkcQRLAXUu\n"}}, {"pk": "a5ca3f8cf3a3dba9f16c33404d6f5b41", "model": "sessions.session", "fields": {"expire_date": "2013-11-12T16:52:14.456Z", "session_data": "YmVhMWI1ZGVjNmQ1NGVlNTQyOTM2ZmM0YjhkOGE5MWM0YjVjOTNlNDqAAn1xAShVEWFydGljbGVf\nbGlzdF92aWV3WBQAAAAvYXJ0aWNsZXMvYXZhaWxhYmxlL3ECVRJfYXV0aF91c2VyX2JhY2tlbmRV\nKWRqYW5nby5jb250cmliLmF1dGguYmFja2VuZHMuTW9kZWxCYWNrZW5kVQ1fYXV0aF91c2VyX2lk\nSwV1Lg==\n"}}, {"pk": "95f96b160426c8ca71b36d17ed3f10b5", "model": "sessions.session", "fields": {"expire_date": "2013-11-12T17:55:59.575Z", "session_data": "MWRjNTRmZTA2NjE2MDJjODkyNjJhMjQxOGU1OWE2NTMyMmRmOWVmZjqAAn1xAShVEWFydGljbGVf\nbGlzdF92aWV3WBQAAAAvYXJ0aWNsZXMvYXZhaWxhYmxlL3ECVRJfYXV0aF91c2VyX2JhY2tlbmRV\nKWRqYW5nby5jb250cmliLmF1dGguYmFja2VuZHMuTW9kZWxCYWNrZW5kVQ1fYXV0aF91c2VyX2lk\nSwF1Lg==\n"}}, {"pk": 1, "model": "sites.site", "fields": {"domain": "example.com", "name": "example.com"}}, {"pk": 1, "model": "articles.articletype", "fields": {"name": "Simple"}}, {"pk": 1, "model": "articles.contactgroup", "fields": {"name": "WriterGroup", "contacts": []}}, {"pk": 2, "model": "articles.contactgroup", "fields": {"name": "ReviewerGroup", "contacts": []}}, {"pk": 3, "model": "articles.contactgroup", "fields": {"name": "NotMyWriterGroup", "contacts": []}}, {"pk": 4, "model": "articles.contactgroup", "fields": {"name": "NotMyReviewerGroup", "contacts": []}}, {"pk": 1, "model": "articles.keyword", "fields": {"url": "www.google.com", "article": 1, "keyword": "Unavailable", "times": 1}}, {"pk": 2, "model": "articles.keyword", "fields": {"url": "www.google.com", "article": 2, "keyword": "AvailableToContact", "times": 1}}, {"pk": 3, "model": "articles.keyword", "fields": {"url": "www.google.com", "article": 3, "keyword": "AvailableToGroup", "times": 1}}, {"pk": 4, "model": "articles.keyword", "fields": {"url": "www.google.com", "article": 4, "keyword": "AvailableToMine", "times": 1}}, {"pk": 5, "model": "articles.keyword", "fields": {"url": "www.google.com", "article": 5, "keyword": "AvailableToAll", "times": 1}}, {"pk": 6, "model": "articles.keyword", "fields": {"url": "www.google.com", "article": 6, "keyword": "Assigned", "times": 1}}, {"pk": 7, "model": "articles.keyword", "fields": {"url": "www.google.com", "article": 7, "keyword": "Reassigned", "times": 1}}, {"pk": 8, "model": "articles.keyword", "fields": {"url": "www.google.com", "article": 8, "keyword": "ReturnedFromAssign", "times": 1}}, {"pk": 9, "model": "articles.keyword", "fields": {"url": "www.google.com", "article": 9, "keyword": "ReturnedFromClaim", "times": 1}}, {"pk": 10, "model": "articles.keyword", "fields": {"url": "www.google.com", "article": 10, "keyword": "Claimed", "times": 1}}, {"pk": 11, "model": "articles.keyword", "fields": {"url": "www.google.com", "article": 11, "keyword": "ReassignedAfterClaimed", "times": 1}}, {"pk": 12, "model": "articles.keyword", "fields": {"url": "www.google.com", "article": 12, "keyword": "SubmittedFromClaimed", "times": 1}}, {"pk": 13, "model": "articles.keyword", "fields": {"url": "www.google.com", "article": 13, "keyword": "SubmittedFromAssigned", "times": 1}}, {"pk": 14, "model": "articles.keyword", "fields": {"url": "www.google.com", "article": 14, "keyword": "Accepted", "times": 1}}, {"pk": 15, "model": "articles.keyword", "fields": {"url": "www.google.com", "article": 15, "keyword": "Rejected", "times": 1}}, {"pk": 17, "model": "articles.keyword", "fields": {"url": "www.google.com", "article": 17, "keyword": "Published", "times": 1}}, {"pk": 18, "model": "articles.keyword", "fields": {"url": "www.google.com", "article": 18, "keyword": "NotMyUnavailable", "times": 1}}, {"pk": 19, "model": "articles.keyword", "fields": {"url": "www.google.com", "article": 19, "keyword": "NotMyAvailableToContact", "times": 1}}, {"pk": 20, "model": "articles.keyword", "fields": {"url": "www.google.com", "article": 20, "keyword": "NotMyAvailableToGroup", "times": 1}}, {"pk": 21, "model": "articles.keyword", "fields": {"url": "www.google.com", "article": 21, "keyword": "NotMyAvailableToMine", "times": 1}}, {"pk": 22, "model": "articles.keyword", "fields": {"url": "www.google.com", "article": 22, "keyword": "NotMyAvailableToAll", "times": 1}}, {"pk": 23, "model": "articles.keyword", "fields": {"url": "www.google.com", "article": 23, "keyword": "NotMyAssigned", "times": 1}}, {"pk": 24, "model": "articles.keyword", "fields": {"url": "www.google.com", "article": 24, "keyword": "NotMyReassigned", "times": 1}}, {"pk": 25, "model": "articles.keyword", "fields": {"url": "www.google.com", "article": 25, "keyword": "NotMyReturnedFromAssign", "times": 1}}, {"pk": 26, "model": "articles.keyword", "fields": {"url": "www.google.com", "article": 26, "keyword": "NotMyReturnedFromClaim", "times": 1}}, {"pk": 27, "model": "articles.keyword", "fields": {"url": "www.google.com", "article": 27, "keyword": "NotMyClaimed", "times": 1}}, {"pk": 28, "model": "articles.keyword", "fields": {"url": "www.google.com", "article": 28, "keyword": "NotMyReassignedAfterClaimed", "times": 1}}, {"pk": 29, "model": "articles.keyword", "fields": {"url": "www.google.com", "article": 29, "keyword": "NotMySubmittedFromClaimed", "times": 1}}, {"pk": 30, "model": "articles.keyword", "fields": {"url": "www.google.com", "article": 30, "keyword": "NotMySubmittedFromAssigned", "times": 1}}, {"pk": 31, "model": "articles.keyword", "fields": {"url": "www.google.com", "article": 31, "keyword": "NotMyAccepted", "times": 1}}, {"pk": 32, "model": "articles.keyword", "fields": {"url": "www.google.com", "article": 32, "keyword": "NotMyRejected", "times": 1}}, {"pk": 33, "model": "articles.keyword", "fields": {"url": "www.google.com", "article": 33, "keyword": "NotMyRejectedThenAccepted", "times": 1}}, {"pk": 34, "model": "articles.keyword", "fields": {"url": "www.google.com", "article": 34, "keyword": "NotMyPublished", "times": 1}}, {"pk": 35, "model": "articles.keyword", "fields": {"url": "www.google.com", "article": 16, "keyword": "Rejected then Accepted", "times": 1}}, {"pk": 19, "model": "auth.permission", "fields": {"codename": "add_logentry", "name": "Can add log entry", "content_type": 7}}, {"pk": 20, "model": "auth.permission", "fields": {"codename": "change_logentry", "name": "Can change log entry", "content_type": 7}}, {"pk": 21, "model": "auth.permission", "fields": {"codename": "delete_logentry", "name": "Can delete log entry", "content_type": 7}}, {"pk": 67, "model": "auth.permission", "fields": {"codename": "add_article", "name": "Can add article", "content_type": 23}}, {"pk": 68, "model": "auth.permission", "fields": {"codename": "change_article", "name": "Can change article", "content_type": 23}}, {"pk": 69, "model": "auth.permission", "fields": {"codename": "delete_article", "name": "Can delete article", "content_type": 23}}, {"pk": 58, "model": "auth.permission", "fields": {"codename": "add_articleaction", "name": "Can add article action", "content_type": 20}}, {"pk": 59, "model": "auth.permission", "fields": {"codename": "change_articleaction", "name": "Can change article action", "content_type": 20}}, {"pk": 60, "model": "auth.permission", "fields": {"codename": "delete_articleaction", "name": "Can delete article action", "content_type": 20}}, {"pk": 70, "model": "auth.permission", "fields": {"codename": "add_articlemessage", "name": "Can add article message", "content_type": 24}}, {"pk": 71, "model": "auth.permission", "fields": {"codename": "change_articlemessage", "name": "Can change article message", "content_type": 24}}, {"pk": 72, "model": "auth.permission", "fields": {"codename": "delete_articlemessage", "name": "Can delete article message", "content_type": 24}}, {"pk": 34, "model": "auth.permission", "fields": {"codename": "add_articletype", "name": "Can add article type", "content_type": 12}}, {"pk": 35, "model": "auth.permission", "fields": {"codename": "change_articletype", "name": "Can change article type", "content_type": 12}}, {"pk": 36, "model": "auth.permission", "fields": {"codename": "delete_articletype", "name": "Can delete article type", "content_type": 12}}, {"pk": 61, "model": "auth.permission", "fields": {"codename": "add_availability", "name": "Can add availability", "content_type": 21}}, {"pk": 62, "model": "auth.permission", "fields": {"codename": "change_availability", "name": "Can change availability", "content_type": 21}}, {"pk": 63, "model": "auth.permission", "fields": {"codename": "delete_availability", "name": "Can delete availability", "content_type": 21}}, {"pk": 64, "model": "auth.permission", "fields": {"codename": "add_category", "name": "Can add category", "content_type": 22}}, {"pk": 65, "model": "auth.permission", "fields": {"codename": "change_category", "name": "Can change category", "content_type": 22}}, {"pk": 66, "model": "auth.permission", "fields": {"codename": "delete_category", "name": "Can delete category", "content_type": 22}}, {"pk": 40, "model": "auth.permission", "fields": {"codename": "add_contact", "name": "Can add contact", "content_type": 14}}, {"pk": 41, "model": "auth.permission", "fields": {"codename": "change_contact", "name": "Can change contact", "content_type": 14}}, {"pk": 42, "model": "auth.permission", "fields": {"codename": "delete_contact", "name": "Can delete contact", "content_type": 14}}, {"pk": 49, "model": "auth.permission", "fields": {"codename": "add_contactgroup", "name": "Can add contact group", "content_type": 17}}, {"pk": 50, "model": "auth.permission", "fields": {"codename": "change_contactgroup", "name": "Can change contact group", "content_type": 17}}, {"pk": 51, "model": "auth.permission", "fields": {"codename": "delete_contactgroup", "name": "Can delete contact group", "content_type": 17}}, {"pk": 73, "model": "auth.permission", "fields": {"codename": "add_keyword", "name": "Can add keyword", "content_type": 25}}, {"pk": 74, "model": "auth.permission", "fields": {"codename": "change_keyword", "name": "Can change keyword", "content_type": 25}}, {"pk": 75, "model": "auth.permission", "fields": {"codename": "delete_keyword", "name": "Can delete keyword", "content_type": 25}}, {"pk": 37, "model": "auth.permission", "fields": {"codename": "add_project", "name": "Can add project", "content_type": 13}}, {"pk": 38, "model": "auth.permission", "fields": {"codename": "change_project", "name": "Can change project", "content_type": 13}}, {"pk": 39, "model": "auth.permission", "fields": {"codename": "delete_project", "name": "Can delete project", "content_type": 13}}, {"pk": 25, "model": "auth.permission", "fields": {"codename": "add_publishingoutlet", "name": "Can add publishing outlet", "content_type": 9}}, {"pk": 26, "model": "auth.permission", "fields": {"codename": "change_publishingoutlet", "name": "Can change publishing outlet", "content_type": 9}}, {"pk": 27, "model": "auth.permission", "fields": {"codename": "delete_publishingoutlet", "name": "Can delete publishing outlet", "content_type": 9}}, {"pk": 31, "model": "auth.permission", "fields": {"codename": "add_publishingoutletconfiguration", "name": "Can add publishing outlet configuration", "content_type": 11}}, {"pk": 32, "model": "auth.permission", "fields": {"codename": "change_publishingoutletconfiguration", "name": "Can change publishing outlet configuration", "content_type": 11}}, {"pk": 33, "model": "auth.permission", "fields": {"codename": "delete_publishingoutletconfiguration", "name": "Can delete publishing outlet configuration", "content_type": 11}}, {"pk": 46, "model": "auth.permission", "fields": {"codename": "add_reviewer", "name": "Can add reviewer", "content_type": 16}}, {"pk": 47, "model": "auth.permission", "fields": {"codename": "change_reviewer", "name": "Can change reviewer", "content_type": 16}}, {"pk": 48, "model": "auth.permission", "fields": {"codename": "delete_reviewer", "name": "Can delete reviewer", "content_type": 16}}, {"pk": 55, "model": "auth.permission", "fields": {"codename": "add_reviewergroup", "name": "Can add reviewer group", "content_type": 19}}, {"pk": 56, "model": "auth.permission", "fields": {"codename": "change_reviewergroup", "name": "Can change reviewer group", "content_type": 19}}, {"pk": 57, "model": "auth.permission", "fields": {"codename": "delete_reviewergroup", "name": "Can delete reviewer group", "content_type": 19}}, {"pk": 22, "model": "auth.permission", "fields": {"codename": "add_testoutlet", "name": "Can add test outlet", "content_type": 8}}, {"pk": 23, "model": "auth.permission", "fields": {"codename": "change_testoutlet", "name": "Can change test outlet", "content_type": 8}}, {"pk": 24, "model": "auth.permission", "fields": {"codename": "delete_testoutlet", "name": "Can delete test outlet", "content_type": 8}}, {"pk": 76, "model": "auth.permission", "fields": {"codename": "add_userprofile", "name": "Can add user profile", "content_type": 26}}, {"pk": 77, "model": "auth.permission", "fields": {"codename": "change_userprofile", "name": "Can change user profile", "content_type": 26}}, {"pk": 78, "model": "auth.permission", "fields": {"codename": "delete_userprofile", "name": "Can delete user profile", "content_type": 26}}, {"pk": 28, "model": "auth.permission", "fields": {"codename": "add_validationplugin", "name": "Can add validation plugin", "content_type": 10}}, {"pk": 29, "model": "auth.permission", "fields": {"codename": "change_validationplugin", "name": "Can change validation plugin", "content_type": 10}}, {"pk": 30, "model": "auth.permission", "fields": {"codename": "delete_validationplugin", "name": "Can delete validation plugin", "content_type": 10}}, {"pk": 43, "model": "auth.permission", "fields": {"codename": "add_writer", "name": "Can add writer", "content_type": 15}}, {"pk": 44, "model": "auth.permission", "fields": {"codename": "change_writer", "name": "Can change writer", "content_type": 15}}, {"pk": 45, "model": "auth.permission", "fields": {"codename": "delete_writer", "name": "Can delete writer", "content_type": 15}}, {"pk": 52, "model": "auth.permission", "fields": {"codename": "add_writergroup", "name": "Can add writer group", "content_type": 18}}, {"pk": 53, "model": "auth.permission", "fields": {"codename": "change_writergroup", "name": "Can change writer group", "content_type": 18}}, {"pk": 54, "model": "auth.permission", "fields": {"codename": "delete_writergroup", "name": "Can delete writer group", "content_type": 18}}, {"pk": 4, "model": "auth.permission", "fields": {"codename": "add_group", "name": "Can add group", "content_type": 2}}, {"pk": 5, "model": "auth.permission", "fields": {"codename": "change_group", "name": "Can change group", "content_type": 2}}, {"pk": 6, "model": "auth.permission", "fields": {"codename": "delete_group", "name": "Can delete group", "content_type": 2}}, {"pk": 1, "model": "auth.permission", "fields": {"codename": "add_permission", "name": "Can add permission", "content_type": 1}}, {"pk": 2, "model": "auth.permission", "fields": {"codename": "change_permission", "name": "Can change permission", "content_type": 1}}, {"pk": 3, "model": "auth.permission", "fields": {"codename": "delete_permission", "name": "Can delete permission", "content_type": 1}}, {"pk": 7, "model": "auth.permission", "fields": {"codename": "add_user", "name": "Can add user", "content_type": 3}}, {"pk": 8, "model": "auth.permission", "fields": {"codename": "change_user", "name": "Can change user", "content_type": 3}}, {"pk": 9, "model": "auth.permission", "fields": {"codename": "delete_user", "name": "Can delete user", "content_type": 3}}, {"pk": 10, "model": "auth.permission", "fields": {"codename": "add_contenttype", "name": "Can add content type", "content_type": 4}}, {"pk": 11, "model": "auth.permission", "fields": {"codename": "change_contenttype", "name": "Can change content type", "content_type": 4}}, {"pk": 12, "model": "auth.permission", "fields": {"codename": "delete_contenttype", "name": "Can delete content type", "content_type": 4}}, {"pk": 13, "model": "auth.permission", "fields": {"codename": "add_session", "name": "Can add session", "content_type": 5}}, {"pk": 14, "model": "auth.permission", "fields": {"codename": "change_session", "name": "Can change session", "content_type": 5}}, {"pk": 15, "model": "auth.permission", "fields": {"codename": "delete_session", "name": "Can delete session", "content_type": 5}}, {"pk": 16, "model": "auth.permission", "fields": {"codename": "add_site", "name": "Can add site", "content_type": 6}}, {"pk": 17, "model": "auth.permission", "fields": {"codename": "change_site", "name": "Can change site", "content_type": 6}}, {"pk": 18, "model": "auth.permission", "fields": {"codename": "delete_site", "name": "Can delete site", "content_type": 6}}, {"pk": 1, "model": "auth.user", "fields": {"username": "jared", "first_name": "Jared", "last_name": "Martin", "is_active": true, "is_superuser": true, "is_staff": true, "last_login": "2013-10-29T17:39:10.192Z", "groups": [], "user_permissions": [], "password": "pbkdf2_sha256$10000$zbdrrC96IFSS$mOlmmTg4B8YRT0PGI8EEskkmM33osNvLhnChmvyjAyg=", "email": "jared@home.com", "date_joined": "2013-10-28T16:03:08.704Z"}}, {"pk": 2, "model": "auth.user", "fields": {"username": "ModeWriter", "first_name": "ModeWriter", "last_name": "", "is_active": true, "is_superuser": false, "is_staff": false, "last_login": "2013-10-28T16:05:25.024Z", "groups": [], "user_permissions": [], "password": "", "email": "", "date_joined": "2013-10-28T16:05:25.024Z"}}, {"pk": 3, "model": "auth.user", "fields": {"username": "ContactWriter", "first_name": "ContactWriter", "last_name": "", "is_active": true, "is_superuser": false, "is_staff": false, "last_login": "2013-10-28T16:05:25.189Z", "groups": [], "user_permissions": [], "password": "", "email": "", "date_joined": "2013-10-28T16:05:25.189Z"}}, {"pk": 4, "model": "auth.user", "fields": {"username": "PendingWriter", "first_name": "PendingWriter", "last_name": "", "is_active": true, "is_superuser": false, "is_staff": false, "last_login": "2013-10-28T16:05:25.197Z", "groups": [], "user_permissions": [], "password": "", "email": "", "date_joined": "2013-10-28T16:05:25.197Z"}}, {"pk": 5, "model": "auth.user", "fields": {"username": "MyWriter", "first_name": "MyWriter", "last_name": "", "is_active": true, "is_superuser": false, "is_staff": false, "last_login": "2013-10-29T16:53:16.015Z", "groups": [], "user_permissions": [], "password": "pbkdf2_sha256$10000$CbXi5lk2RYzO$3vk62UyV+tdIomsL6qkLzzYfP1QYpadQLr4WoSCq7uA=", "email": "", "date_joined": "2013-10-28T16:05:25.272Z"}}, {"pk": 6, "model": "auth.user", "fields": {"username": "ModeReviewer", "first_name": "ModeReviewer", "last_name": "", "is_active": true, "is_superuser": false, "is_staff": false, "last_login": "2013-10-28T16:05:25.290Z", "groups": [], "user_permissions": [], "password": "", "email": "", "date_joined": "2013-10-28T16:05:25.290Z"}}, {"pk": 7, "model": "auth.user", "fields": {"username": "ContactReviewer", "first_name": "ContactReviewer", "last_name": "", "is_active": true, "is_superuser": false, "is_staff": false, "last_login": "2013-10-28T16:05:25.309Z", "groups": [], "user_permissions": [], "password": "", "email": "", "date_joined": "2013-10-28T16:05:25.309Z"}}, {"pk": 8, "model": "auth.user", "fields": {"username": "PendingReviewer", "first_name": "PendingReviewer", "last_name": "", "is_active": true, "is_superuser": false, "is_staff": false, "last_login": "2013-10-28T16:05:25.319Z", "groups": [], "user_permissions": [], "password": "", "email": "", "date_joined": "2013-10-28T16:05:25.319Z"}}, {"pk": 9, "model": "auth.user", "fields": {"username": "MyReviewer", "first_name": "MyReviewer", "last_name": "", "is_active": true, "is_superuser": false, "is_staff": false, "last_login": "2013-10-28T16:05:25.339Z", "groups": [], "user_permissions": [], "password": "", "email": "", "date_joined": "2013-10-28T16:05:25.339Z"}}, {"pk": 10, "model": "auth.user", "fields": {"username": "ContactRequester", "first_name": "ContactRequester", "last_name": "", "is_active": true, "is_superuser": false, "is_staff": false, "last_login": "2013-10-28T16:05:25.359Z", "groups": [], "user_permissions": [], "password": "", "email": "", "date_joined": "2013-10-28T16:05:25.359Z"}}, {"pk": 11, "model": "auth.user", "fields": {"username": "MyRequester", "first_name": "MyRequester", "last_name": "", "is_active": true, "is_superuser": false, "is_staff": false, "last_login": "2013-10-28T16:05:25.367Z", "groups": [], "user_permissions": [], "password": "", "email": "", "date_joined": "2013-10-28T16:05:25.367Z"}}, {"pk": 12, "model": "auth.user", "fields": {"username": "PendingRequester", "first_name": "PendingRequester", "last_name": "", "is_active": true, "is_superuser": false, "is_staff": false, "last_login": "2013-10-28T16:05:25.388Z", "groups": [], "user_permissions": [], "password": "", "email": "", "date_joined": "2013-10-28T16:05:25.388Z"}}, {"pk": 13, "model": "auth.user", "fields": {"username": "ModeRequester", "first_name": "ModeRequester", "last_name": "", "is_active": true, "is_superuser": false, "is_staff": false, "last_login": "2013-10-28T16:05:25.412Z", "groups": [], "user_permissions": [], "password": "", "email": "", "date_joined": "2013-10-28T16:05:25.413Z"}}, {"pk": 10, "model": "admin.logentry", "fields": {"action_flag": 1, "action_time": "2013-10-28T23:44:09.684Z", "object_repr": "jared reviews for MyRequester", "object_id": "9", "change_message": "", "user": 1, "content_type": 16}}, {"pk": 9, "model": "admin.logentry", "fields": {"action_flag": 2, "action_time": "2013-10-28T16:23:22.006Z", "object_repr": "ContactWriter writes for ContactRequester", "object_id": "1", "change_message": "Changed user_asked and requester.", "user": 1, "content_type": 15}}, {"pk": 8, "model": "admin.logentry", "fields": {"action_flag": 1, "action_time": "2013-10-28T16:22:11.923Z", "object_repr": "PendingRequester requested jared to review", "object_id": "8", "change_message": "", "user": 1, "content_type": 16}}, {"pk": 7, "model": "admin.logentry", "fields": {"action_flag": 1, "action_time": "2013-10-28T16:21:12.298Z", "object_repr": "jared writes for MyRequester", "object_id": "7", "change_message": "", "user": 1, "content_type": 15}}, {"pk": 6, "model": "admin.logentry", "fields": {"action_flag": 1, "action_time": "2013-10-28T16:20:38.711Z", "object_repr": "MyReviewer reviews for jared", "object_id": "6", "change_message": "", "user": 1, "content_type": 16}}, {"pk": 5, "model": "admin.logentry", "fields": {"action_flag": 1, "action_time": "2013-10-28T16:20:27.163Z", "object_repr": "PendingReviewer requested to review for jared", "object_id": "5", "change_message": "", "user": 1, "content_type": 16}}, {"pk": 4, "model": "admin.logentry", "fields": {"action_flag": 1, "action_time": "2013-10-28T16:20:16.807Z", "object_repr": "ContactReviewer requested to review for MyRequester", "object_id": "4", "change_message": "", "user": 1, "content_type": 16}}, {"pk": 3, "model": "admin.logentry", "fields": {"action_flag": 1, "action_time": "2013-10-28T16:19:32.910Z", "object_repr": "MyWriter writes for jared", "object_id": "3", "change_message": "", "user": 1, "content_type": 15}}, {"pk": 2, "model": "admin.logentry", "fields": {"action_flag": 1, "action_time": "2013-10-28T16:19:22.640Z", "object_repr": "PendingWriter requested to write for jared", "object_id": "2", "change_message": "", "user": 1, "content_type": 15}}, {"pk": 1, "model": "admin.logentry", "fields": {"action_flag": 1, "action_time": "2013-10-28T16:18:43.316Z", "object_repr": "ContactWriter writes for MyRequester", "object_id": "1", "change_message": "", "user": 1, "content_type": 15}}, {"pk": 1, "model": "articles.contact", "fields": {"confirmation": true, "user_asked": 10}}, {"pk": 2, "model": "articles.contact", "fields": {"confirmation": null, "user_asked": 1}}, {"pk": 3, "model": "articles.contact", "fields": {"confirmation": true, "user_asked": 1}}, {"pk": 4, "model": "articles.contact", "fields": {"confirmation": null, "user_asked": 11}}, {"pk": 5, "model": "articles.contact", "fields": {"confirmation": null, "user_asked": 1}}, {"pk": 6, "model": "articles.contact", "fields": {"confirmation": true, "user_asked": 1}}, {"pk": 7, "model": "articles.contact", "fields": {"confirmation": true, "user_asked": 1}}, {"pk": 8, "model": "articles.contact", "fields": {"confirmation": null, "user_asked": 1}}, {"pk": 9, "model": "articles.contact", "fields": {"confirmation": true, "user_asked": 1}}, {"pk": 1, "model": "articles.writer", "fields": {"writer": 3, "requester": 10}}, {"pk": 2, "model": "articles.writer", "fields": {"writer": 4, "requester": 1}}, {"pk": 3, "model": "articles.writer", "fields": {"writer": 5, "requester": 1}}, {"pk": 7, "model": "articles.writer", "fields": {"writer": 1, "requester": 11}}, {"pk": 4, "model": "articles.reviewer", "fields": {"reviewer": 7, "requester": 11}}, {"pk": 5, "model": "articles.reviewer", "fields": {"reviewer": 8, "requester": 1}}, {"pk": 6, "model": "articles.reviewer", "fields": {"reviewer": 9, "requester": 1}}, {"pk": 8, "model": "articles.reviewer", "fields": {"reviewer": 1, "requester": 12}}, {"pk": 9, "model": "articles.reviewer", "fields": {"reviewer": 1, "requester": 11}}, {"pk": 1, "model": "articles.writergroup", "fields": {"owner": 1, "contacts": []}}, {"pk": 3, "model": "articles.writergroup", "fields": {"owner": 11, "contacts": []}}, {"pk": 2, "model": "articles.reviewergroup", "fields": {"owner": 1, "contacts": []}}, {"pk": 4, "model": "articles.reviewergroup", "fields": {"owner": 11, "contacts": []}}, {"pk": 1, "model": "articles.articleaction", "fields": {"comment": "", "articles": [], "code": "Submitted", "author": 5, "timestamp": "2013-10-29T02:33:27.619Z", "user": 5, "timezone": ""}}, {"pk": 2, "model": "articles.articleaction", "fields": {"comment": "", "articles": [], "code": "Submitted", "author": 5, "timestamp": "2013-10-29T02:35:11.523Z", "user": 5, "timezone": ""}}, {"pk": 3, "model": "articles.articleaction", "fields": {"comment": "", "articles": [], "code": "Submitted", "author": 5, "timestamp": "2013-10-29T02:38:03.442Z", "user": 5, "timezone": ""}}, {"pk": 4, "model": "articles.articleaction", "fields": {"comment": "", "articles": [], "code": "Submitted", "author": 5, "timestamp": "2013-10-29T02:38:22.327Z", "user": 5, "timezone": ""}}, {"pk": 5, "model": "articles.articleaction", "fields": {"comment": "", "articles": [], "code": "Submitted", "author": 5, "timestamp": "2013-10-29T02:39:15.854Z", "user": 5, "timezone": ""}}, {"pk": 6, "model": "articles.articleaction", "fields": {"comment": "", "articles": [], "code": "Submitted", "author": 5, "timestamp": "2013-10-29T02:39:55.947Z", "user": 5, "timezone": ""}}, {"pk": 7, "model": "articles.articleaction", "fields": {"comment": "", "articles": [], "code": "Approved", "author": null, "timestamp": "2013-10-29T02:40:57.147Z", "user": 1, "timezone": ""}}, {"pk": 8, "model": "articles.articleaction", "fields": {"comment": "", "articles": [], "code": "Approved", "author": null, "timestamp": "2013-10-29T02:41:01.368Z", "user": 1, "timezone": ""}}, {"pk": 9, "model": "articles.articleaction", "fields": {"comment": "Ugly", "articles": [], "code": "Rejected", "author": 3, "timestamp": "2013-10-29T04:31:19.442Z", "user": 1, "timezone": ""}}, {"pk": 10, "model": "articles.articleaction", "fields": {"comment": "Ugly", "articles": [], "code": "Rejected", "author": 3, "timestamp": "2013-10-29T04:31:34.425Z", "user": 1, "timezone": ""}}, {"pk": 11, "model": "articles.articleaction", "fields": {"comment": "", "articles": [], "code": "Submitted", "author": 5, "timestamp": "2013-10-29T13:16:36.876Z", "user": 5, "timezone": ""}}, {"pk": 12, "model": "articles.articleaction", "fields": {"comment": "", "articles": [], "code": "Approved", "author": null, "timestamp": "2013-10-29T13:20:29.670Z", "user": 1, "timezone": ""}}, {"pk": 1, "model": "articles.article", "fields": {"available_to_all_reviewers": false, "status": "Unassigned", "available_to_all_writers": false, "last_action": null, "article_notes": "", "reviewers": [], "article_type": 1, "minimum": 100, "owner": 1, "reviewer": null, "category": null, "style": "", "title": "", "writer": null, "priority": 5, "was_claimed": false, "writers": [], "body": "", "description": "", "tags": "", "deleted": false, "price": "", "expires": null, "rejected": null, "purpose": "", "review_notes": "", "approved": null, "available_to_all_my_writers": false, "referrals": "", "available_to_all_my_reviewers": false, "language": "en", "reviewer_groups": [], "maximum": 0, "submitted": null, "project": null, "published": null, "writer_groups": []}}, {"pk": 2, "model": "articles.article", "fields": {"available_to_all_reviewers": false, "status": "Released", "available_to_all_writers": false, "last_action": null, "article_notes": "", "reviewers": [], "article_type": 1, "minimum": 100, "owner": 1, "reviewer": null, "category": null, "style": "", "title": "", "writer": null, "priority": 5, "was_claimed": false, "writers": [3], "body": "", "description": "", "tags": "", "deleted": false, "price": "", "expires": null, "rejected": null, "purpose": "", "review_notes": "", "approved": null, "available_to_all_my_writers": false, "referrals": "", "available_to_all_my_reviewers": false, "language": "en", "reviewer_groups": [], "maximum": 0, "submitted": null, "project": null, "published": null, "writer_groups": []}}, {"pk": 3, "model": "articles.article", "fields": {"available_to_all_reviewers": false, "status": "Released", "available_to_all_writers": false, "last_action": null, "article_notes": "", "reviewers": [], "article_type": 1, "minimum": 100, "owner": 1, "reviewer": null, "category": null, "style": "", "title": "", "writer": null, "priority": 5, "was_claimed": false, "writers": [], "body": "", "description": "", "tags": "", "deleted": false, "price": "", "expires": null, "rejected": null, "purpose": "", "review_notes": "", "approved": null, "available_to_all_my_writers": false, "referrals": "", "available_to_all_my_reviewers": false, "language": "en", "reviewer_groups": [], "maximum": 0, "submitted": null, "project": null, "published": null, "writer_groups": [1]}}, {"pk": 4, "model": "articles.article", "fields": {"available_to_all_reviewers": false, "status": "Released", "available_to_all_writers": false, "last_action": null, "article_notes": "", "reviewers": [], "article_type": 1, "minimum": 100, "owner": 1, "reviewer": null, "category": null, "style": "", "title": "", "writer": null, "priority": 5, "was_claimed": false, "writers": [], "body": "", "description": "", "tags": "", "deleted": false, "price": "", "expires": null, "rejected": null, "purpose": "", "review_notes": "", "approved": null, "available_to_all_my_writers": true, "referrals": "", "available_to_all_my_reviewers": false, "language": "en", "reviewer_groups": [], "maximum": 0, "submitted": null, "project": null, "published": null, "writer_groups": []}}, {"pk": 5, "model": "articles.article", "fields": {"available_to_all_reviewers": false, "status": "Released", "available_to_all_writers": true, "last_action": null, "article_notes": "", "reviewers": [], "article_type": 1, "minimum": 100, "owner": 1, "reviewer": null, "category": null, "style": "", "title": "", "writer": null, "priority": 5, "was_claimed": false, "writers": [], "body": "", "description": "", "tags": "", "deleted": false, "price": "", "expires": null, "rejected": null, "purpose": "", "review_notes": "", "approved": null, "available_to_all_my_writers": false, "referrals": "", "available_to_all_my_reviewers": false, "language": "en", "reviewer_groups": [], "maximum": 0, "submitted": null, "project": null, "published": null, "writer_groups": []}}, {"pk": 6, "model": "articles.article", "fields": {"available_to_all_reviewers": false, "status": "Assigned to Writer", "available_to_all_writers": false, "last_action": null, "article_notes": "", "reviewers": [], "article_type": 1, "minimum": 100, "owner": 1, "reviewer": null, "category": null, "style": "", "title": "", "writer": 3, "priority": 5, "was_claimed": false, "writers": [3], "body": "", "description": "", "tags": "", "deleted": false, "price": "", "expires": null, "rejected": null, "purpose": "", "review_notes": "", "approved": null, "available_to_all_my_writers": false, "referrals": "", "available_to_all_my_reviewers": false, "language": "en", "reviewer_groups": [], "maximum": 0, "submitted": null, "project": null, "published": null, "writer_groups": []}}, {"pk": 7, "model": "articles.article", "fields": {"available_to_all_reviewers": false, "status": "Assigned to Writer", "available_to_all_writers": false, "last_action": null, "article_notes": "", "reviewers": [], "article_type": 1, "minimum": 100, "owner": 1, "reviewer": null, "category": null, "style": "", "title": "", "writer": 3, "priority": 5, "was_claimed": false, "writers": [3], "body": "", "description": "", "tags": "", "deleted": false, "price": "", "expires": null, "rejected": null, "purpose": "", "review_notes": "", "approved": null, "available_to_all_my_writers": false, "referrals": "", "available_to_all_my_reviewers": false, "language": "en", "reviewer_groups": [], "maximum": 0, "submitted": null, "project": null, "published": null, "writer_groups": []}}, {"pk": 8, "model": "articles.article", "fields": {"available_to_all_reviewers": false, "status": "Released", "available_to_all_writers": false, "last_action": null, "article_notes": "", "reviewers": [], "article_type": 1, "minimum": 100, "owner": 1, "reviewer": null, "category": null, "style": "", "title": "", "writer": null, "priority": 5, "was_claimed": false, "writers": [3], "body": "", "description": "", "tags": "", "deleted": false, "price": "", "expires": null, "rejected": null, "purpose": "", "review_notes": "", "approved": null, "available_to_all_my_writers": false, "referrals": "", "available_to_all_my_reviewers": false, "language": "en", "reviewer_groups": [], "maximum": 0, "submitted": null, "project": null, "published": null, "writer_groups": []}}, {"pk": 9, "model": "articles.article", "fields": {"available_to_all_reviewers": false, "status": "Released", "available_to_all_writers": false, "last_action": null, "article_notes": "", "reviewers": [], "article_type": 1, "minimum": 100, "owner": 1, "reviewer": null, "category": null, "style": "", "title": "", "writer": null, "priority": 5, "was_claimed": false, "writers": [3], "body": "", "description": "", "tags": "", "deleted": false, "price": "", "expires": null, "rejected": null, "purpose": "", "review_notes": "", "approved": null, "available_to_all_my_writers": false, "referrals": "", "available_to_all_my_reviewers": false, "language": "en", "reviewer_groups": [], "maximum": 0, "submitted": null, "project": null, "published": null, "writer_groups": []}}, {"pk": 10, "model": "articles.article", "fields": {"available_to_all_reviewers": false, "status": "Assigned to Writer", "available_to_all_writers": false, "last_action": null, "article_notes": "", "reviewers": [], "article_type": 1, "minimum": 100, "owner": 1, "reviewer": null, "category": null, "style": "", "title": "", "writer": 3, "priority": 5, "was_claimed": true, "writers": [3], "body": "", "description": "", "tags": "", "deleted": false, "price": "", "expires": null, "rejected": null, "purpose": "", "review_notes": "", "approved": null, "available_to_all_my_writers": false, "referrals": "", "available_to_all_my_reviewers": false, "language": "en", "reviewer_groups": [], "maximum": 0, "submitted": null, "project": null, "published": null, "writer_groups": []}}, {"pk": 11, "model": "articles.article", "fields": {"available_to_all_reviewers": false, "status": "Assigned to Writer", "available_to_all_writers": false, "last_action": null, "article_notes": "", "reviewers": [], "article_type": 1, "minimum": 100, "owner": 1, "reviewer": null, "category": null, "style": "", "title": "", "writer": 2, "priority": 5, "was_claimed": false, "writers": [3], "body": "", "description": "", "tags": "", "deleted": false, "price": "", "expires": null, "rejected": null, "purpose": "", "review_notes": "", "approved": null, "available_to_all_my_writers": false, "referrals": "", "available_to_all_my_reviewers": false, "language": "en", "reviewer_groups": [], "maximum": 0, "submitted": null, "project": null, "published": null, "writer_groups": []}}, {"pk": 12, "model": "articles.article", "fields": {"available_to_all_reviewers": false, "status": "Submitted", "available_to_all_writers": false, "last_action": 1, "article_notes": "", "reviewers": [], "article_type": 1, "minimum": 100, "owner": 1, "reviewer": null, "category": null, "style": "", "title": "Something Here", "writer": 3, "priority": 5, "was_claimed": true, "writers": [3], "body": "<h1 class=\"page-title\">SubmittedFromClaimed <b><a href=\"http://en.wikipedia.org/wiki/Georgette_Heyer\" title=\"Georgette Heyer\">Georgette Heyer</a></b> (1902&ndash;74) was a British <a href=\"http://en.wikipedia.org/wiki/Historical_romance\" title=\"Historical romance\">historical romance</a> and <a href=\"http://en.wikipedia.org/wiki/Detective_fiction\" title=\"Detective fiction\">detective fiction</a> novelist. Her writing career began in 1921, when she turned a story for her younger brother into the novel <i><a href=\"http://en.wikipedia.org/wiki/The_Black_Moth\" title=\"The Black Moth\">The Black Moth</a></i> <i>(title page pictured)</i>. After <i><a href=\"http://en.wikipedia.org/wiki/These_Old_Shades\" title=\"These Old Shades\">These Old Shades</a></i> became popular despite its release during the <a href=\"http://en.wikipedia.org/wiki/1926_United_Kingdom_general_strike\" title=\"1926 United Kingdom general strike\">General Strike</a>, Heyer determined that publicity was not necessary for good sales and refused to give interviews thereafter. She essentially established the historical romance genre and its subgenre <a href=\"http://en.wikipedia.org/wiki/Regency_romance\" title=\"Regency romance\">Regency romance</a>. To ensure accuracy, Heyer kept detailed notes on all aspects of Regency life. While some critics thought the novels were too detailed, others considered the detail to be her greatest asset. Beginning in 1932, Heyer released one romance novel and one <a href=\"http://en.wikipedia.org/wiki/Thriller_%28genre%29\" title=\"Thriller (genre)\">thriller</a> each year. Her husband often provided basic plot outlines for the thrillers, leaving Heyer to develop character relationships and dialogue. Although many critics describe Heyer&#39;s detective novels as unoriginal, others praise them for their wit and plots. Her success was sometimes clouded by problems with tax inspectors and alleged plagiarists. Heyer continued writing until her death; her last book, <i><a href=\"http://en.wikipedia.org/wiki/My_Lord_John\" title=\"My Lord John\">My Lord John</a></i>, was published posthumously.</h1>\r\n", "description": "", "tags": "", "deleted": false, "price": "", "expires": null, "rejected": null, "purpose": "", "review_notes": "", "approved": null, "available_to_all_my_writers": false, "referrals": "", "available_to_all_my_reviewers": false, "language": "en", "reviewer_groups": [], "maximum": 0, "submitted": 1, "project": null, "published": null, "writer_groups": []}}, {"pk": 13, "model": "articles.article", "fields": {"available_to_all_reviewers": false, "status": "Submitted", "available_to_all_writers": false, "last_action": 2, "article_notes": "", "reviewers": [], "article_type": 1, "minimum": 100, "owner": 1, "reviewer": null, "category": null, "style": "", "title": "SubmittedFromAssigned asd", "writer": 3, "priority": 5, "was_claimed": false, "writers": [3], "body": "<p>SubmittedFromAssigned <b><a href=\"http://en.wikipedia.org/wiki/Georgette_Heyer\" title=\"Georgette Heyer\">Georgette Heyer</a></b> (1902&ndash;74) was a British <a href=\"http://en.wikipedia.org/wiki/Historical_romance\" title=\"Historical romance\">historical romance</a> and <a href=\"http://en.wikipedia.org/wiki/Detective_fiction\" title=\"Detective fiction\">detective fiction</a> novelist. Her writing career began in 1921, when she turned a story for her younger brother into the novel <i><a href=\"http://en.wikipedia.org/wiki/The_Black_Moth\" title=\"The Black Moth\">The Black Moth</a></i> <i>(title page pictured)</i>. After <i><a href=\"http://en.wikipedia.org/wiki/These_Old_Shades\" title=\"These Old Shades\">These Old Shades</a></i> became popular despite its release during the <a href=\"http://en.wikipedia.org/wiki/1926_United_Kingdom_general_strike\" title=\"1926 United Kingdom general strike\">General Strike</a>, Heyer determined that publicity was not necessary for good sales and refused to give interviews thereafter. She essentially established the historical romance genre and its subgenre <a href=\"http://en.wikipedia.org/wiki/Regency_romance\" title=\"Regency romance\">Regency romance</a>. To ensure accuracy, Heyer kept detailed notes on all aspects of Regency life. While some critics thought the novels were too detailed, others considered the detail to be her greatest asset. Beginning in 1932, Heyer released one romance novel and one <a href=\"http://en.wikipedia.org/wiki/Thriller_%28genre%29\" title=\"Thriller (genre)\">thriller</a> each year. Her husband often provided basic plot outlines for the thrillers, leaving Heyer to develop character relationships and dialogue. Although many critics describe Heyer&#39;s detective novels as unoriginal, others praise them for their wit and plots. Her success was sometimes clouded by problems with tax inspectors and alleged plagiarists. Heyer continued writing until her death; her last book, <i><a href=\"http://en.wikipedia.org/wiki/My_Lord_John\" title=\"My Lord John\">My Lord John</a></i>, was published posthumously.</p>\r\n", "description": "", "tags": "", "deleted": false, "price": "", "expires": null, "rejected": null, "purpose": "", "review_notes": "", "approved": null, "available_to_all_my_writers": false, "referrals": "", "available_to_all_my_reviewers": false, "language": "en", "reviewer_groups": [], "maximum": 0, "submitted": 2, "project": null, "published": null, "writer_groups": []}}, {"pk": 14, "model": "articles.article", "fields": {"available_to_all_reviewers": false, "status": "Approved", "available_to_all_writers": false, "last_action": 7, "article_notes": "", "reviewers": [], "article_type": 1, "minimum": 100, "owner": 1, "reviewer": null, "category": null, "style": "", "title": "Accepted", "writer": 3, "priority": 5, "was_claimed": false, "writers": [3], "body": "<p>Accepted <b><a href=\"http://en.wikipedia.org/wiki/Georgette_Heyer\" title=\"Georgette Heyer\">Georgette Heyer</a></b> (1902&ndash;74) was a British <a href=\"http://en.wikipedia.org/wiki/Historical_romance\" title=\"Historical romance\">historical romance</a> and <a href=\"http://en.wikipedia.org/wiki/Detective_fiction\" title=\"Detective fiction\">detective fiction</a> novelist. Her writing career began in 1921, when she turned a story for her younger brother into the novel <i><a href=\"http://en.wikipedia.org/wiki/The_Black_Moth\" title=\"The Black Moth\">The Black Moth</a></i> <i>(title page pictured)</i>. After <i><a href=\"http://en.wikipedia.org/wiki/These_Old_Shades\" title=\"These Old Shades\">These Old Shades</a></i> became popular despite its release during the <a href=\"http://en.wikipedia.org/wiki/1926_United_Kingdom_general_strike\" title=\"1926 United Kingdom general strike\">General Strike</a>, Heyer determined that publicity was not necessary for good sales and refused to give interviews thereafter. She essentially established the historical romance genre and its subgenre <a href=\"http://en.wikipedia.org/wiki/Regency_romance\" title=\"Regency romance\">Regency romance</a>. To ensure accuracy, Heyer kept detailed notes on all aspects of Regency life. While some critics thought the novels were too detailed, others considered the detail to be her greatest asset. Beginning in 1932, Heyer released one romance novel and one <a href=\"http://en.wikipedia.org/wiki/Thriller_%28genre%29\" title=\"Thriller (genre)\">thriller</a> each year. Her husband often provided basic plot outlines for the thrillers, leaving Heyer to develop character relationships and dialogue. Although many critics describe Heyer&#39;s detective novels as unoriginal, others praise them for their wit and plots. Her success was sometimes clouded by problems with tax inspectors and alleged plagiarists. Heyer continued writing until her death; her last book, <i><a href=\"http://en.wikipedia.org/wiki/My_Lord_John\" title=\"My Lord John\">My Lord John</a></i>, was published posthumously.</p>\r\n", "description": "", "tags": "", "deleted": false, "price": "", "expires": null, "rejected": null, "purpose": "", "review_notes": "", "approved": 7, "available_to_all_my_writers": false, "referrals": "", "available_to_all_my_reviewers": false, "language": "en", "reviewer_groups": [], "maximum": 0, "submitted": 5, "project": null, "published": null, "writer_groups": []}}, {"pk": 15, "model": "articles.article", "fields": {"available_to_all_reviewers": false, "status": "Released", "available_to_all_writers": false, "last_action": 4, "article_notes": "", "reviewers": [], "article_type": 1, "minimum": 100, "owner": 1, "reviewer": null, "category": null, "style": "", "title": "", "writer": null, "priority": 5, "was_claimed": false, "writers": [3], "body": "", "description": "", "tags": "", "deleted": false, "price": "", "expires": null, "rejected": 10, "purpose": "", "review_notes": "", "approved": null, "available_to_all_my_writers": false, "referrals": "", "available_to_all_my_reviewers": false, "language": "en", "reviewer_groups": [], "maximum": 0, "submitted": null, "project": null, "published": null, "writer_groups": []}}, {"pk": 16, "model": "articles.article", "fields": {"available_to_all_reviewers": false, "status": "Approved", "available_to_all_writers": false, "last_action": 12, "article_notes": "", "reviewers": [], "article_type": 1, "minimum": 100, "owner": 1, "reviewer": null, "category": null, "style": "", "title": "RejectedThenAccepted", "writer": 3, "priority": 5, "was_claimed": false, "writers": [], "body": "<p><span style=\"color: rgb(0, 0, 0); font-family: sans-serif; line-height: 19px;\">The Mottled Owl is a medium-sized owl with adults reaching 280 to 355 millimetres (11&nbsp;to&nbsp;14.0&nbsp;in) in length. Females are considerably larger than males and the Mottled Owl shows the greatest degree of&nbsp;</span><a href=\"http://en.wikipedia.org/wiki/Sexual_dimorphism\" style=\"text-decoration: none; color: rgb(11, 0, 128); background-image: none; font-family: sans-serif; line-height: 19px;\" title=\"Sexual dimorphism\">sexual dimorphism</a><span style=\"color: rgb(0, 0, 0); font-family: sans-serif; line-height: 19px;\">&nbsp;of any species of owl.</span><sup class=\"reference\" id=\"cite_ref-ADW_3-0\" style=\"line-height: 1em; unicode-bidi: -webkit-isolate; color: rgb(0, 0, 0); font-family: sans-serif;\"><a href=\"http://en.wikipedia.org/wiki/Mottled_Owl#cite_note-ADW-3\" style=\"text-decoration: none; color: rgb(11, 0, 128); background-image: none; white-space: nowrap; background-position: initial initial; background-repeat: initial initial;\">[3]</a></sup><span style=\"color: rgb(0, 0, 0); font-family: sans-serif; line-height: 19px;\">&nbsp;The crown, nape and back are mottled in several shades of darkish brown, the facial disc is pale brown and the throat, breast and belly are off-white with distinctive vertical brown streaks. The large eyes are brown, the beak is greyish-yellow or greyish-blue, and the legs and feet are greyish-yellow. There is a darker form of the bird with a buff breast and belly. Mottled Owls produce a range of calls which include a hoot used in maintaining&nbsp;</span><a href=\"http://en.wikipedia.org/wiki/Territory_(animal)\" style=\"text-decoration: none; color: rgb(11, 0, 128); background-image: none; font-family: sans-serif; line-height: 19px;\" title=\"Territory (animal)\">territory</a><span style=\"color: rgb(0, 0, 0); font-family: sans-serif; line-height: 19px;\">&nbsp;boundaries, and various whistles, screeches and hisses.</span><sup class=\"reference\" id=\"cite_ref-ADW_3-1\" style=\"line-height: 1em; unicode-bidi: -webkit-isolate; color: rgb(0, 0, 0); font-family: sans-serif;\"><a href=\"http://en.wikipedia.org/wiki/Mottled_Owl#cite_note-ADW-3\" style=\"text-decoration: none; color: rgb(11, 0, 128); background-image: none; white-space: nowrap; background-position: initial initial; background-repeat: initial initial;\">[3]</a></sup><sup class=\"reference\" id=\"cite_ref-Konig_4-0\" style=\"line-height: 1em; unicode-bidi: -webkit-isolate; color: rgb(0, 0, 0); font-family: sans-serif;\"><a href=\"http://en.wikipedia.org/wiki/Mottled_Owl#cite_note-Konig-4\" style=\"text-decoration: none; color: rgb(11, 0, 128); background-image: none; white-space: nowrap; background-position: initial initial; background-repeat: initial initial;\">[4]</a>&nbsp;</sup>RejectedThenAccepted\u200b</p>\r\n", "description": "", "tags": "", "deleted": false, "price": "", "expires": null, "rejected": null, "purpose": "", "review_notes": "", "approved": 12, "available_to_all_my_writers": false, "referrals": "", "available_to_all_my_reviewers": false, "language": "en", "reviewer_groups": [], "maximum": 0, "submitted": 11, "project": null, "published": null, "writer_groups": []}}, {"pk": 17, "model": "articles.article", "fields": {"available_to_all_reviewers": false, "status": "Published", "available_to_all_writers": false, "last_action": 8, "article_notes": "", "reviewers": [], "article_type": 1, "minimum": 100, "owner": 1, "reviewer": null, "category": null, "style": "", "title": "Published", "writer": 3, "priority": 5, "was_claimed": false, "writers": [3], "body": "<p>Published <b><a href=\"http://en.wikipedia.org/wiki/Georgette_Heyer\" title=\"Georgette Heyer\">Georgette Heyer</a></b> (1902&ndash;74) was a British <a href=\"http://en.wikipedia.org/wiki/Historical_romance\" title=\"Historical romance\">historical romance</a> and <a href=\"http://en.wikipedia.org/wiki/Detective_fiction\" title=\"Detective fiction\">detective fiction</a> novelist. Her writing career began in 1921, when she turned a story for her younger brother into the novel <i><a href=\"http://en.wikipedia.org/wiki/The_Black_Moth\" title=\"The Black Moth\">The Black Moth</a></i> <i>(title page pictured)</i>. After <i><a href=\"http://en.wikipedia.org/wiki/These_Old_Shades\" title=\"These Old Shades\">These Old Shades</a></i> became popular despite its release during the <a href=\"http://en.wikipedia.org/wiki/1926_United_Kingdom_general_strike\" title=\"1926 United Kingdom general strike\">General Strike</a>, Heyer determined that publicity was not necessary for good sales and refused to give interviews thereafter. She essentially established the historical romance genre and its subgenre <a href=\"http://en.wikipedia.org/wiki/Regency_romance\" title=\"Regency romance\">Regency romance</a>. To ensure accuracy, Heyer kept detailed notes on all aspects of Regency life. While some critics thought the novels were too detailed, others considered the detail to be her greatest asset. Beginning in 1932, Heyer released one romance novel and one <a href=\"http://en.wikipedia.org/wiki/Thriller_%28genre%29\" title=\"Thriller (genre)\">thriller</a> each year. Her husband often provided basic plot outlines for the thrillers, leaving Heyer to develop character relationships and dialogue. Although many critics describe Heyer&#39;s detective novels as unoriginal, others praise them for their wit and plots. Her success was sometimes clouded by problems with tax inspectors and alleged plagiarists. Heyer continued writing until her death; her last book, <i><a href=\"http://en.wikipedia.org/wiki/My_Lord_John\" title=\"My Lord John\">My Lord John</a></i>, was published posthumously.</p>\r\n", "description": "", "tags": "", "deleted": false, "price": "", "expires": null, "rejected": null, "purpose": "", "review_notes": "", "approved": 8, "available_to_all_my_writers": false, "referrals": "", "available_to_all_my_reviewers": false, "language": "en", "reviewer_groups": [], "maximum": 0, "submitted": 6, "project": null, "published": null, "writer_groups": []}}, {"pk": 18, "model": "articles.article", "fields": {"available_to_all_reviewers": false, "status": "Unassigned", "available_to_all_writers": false, "last_action": null, "article_notes": "", "reviewers": [], "article_type": 1, "minimum": 100, "owner": 11, "reviewer": null, "category": null, "style": "", "title": "", "writer": null, "priority": 5, "was_claimed": false, "writers": [], "body": "", "description": "", "tags": "", "deleted": false, "price": "", "expires": null, "rejected": null, "purpose": "", "review_notes": "", "approved": null, "available_to_all_my_writers": false, "referrals": "", "available_to_all_my_reviewers": false, "language": "en", "reviewer_groups": [], "maximum": 0, "submitted": null, "project": null, "published": null, "writer_groups": []}}, {"pk": 19, "model": "articles.article", "fields": {"available_to_all_reviewers": false, "status": "Unassigned", "available_to_all_writers": false, "last_action": null, "article_notes": "", "reviewers": [], "article_type": 1, "minimum": 100, "owner": 11, "reviewer": null, "category": null, "style": "", "title": "", "writer": null, "priority": 5, "was_claimed": false, "writers": [], "body": "", "description": "", "tags": "", "deleted": false, "price": "", "expires": null, "rejected": null, "purpose": "", "review_notes": "", "approved": null, "available_to_all_my_writers": false, "referrals": "", "available_to_all_my_reviewers": false, "language": "en", "reviewer_groups": [], "maximum": 0, "submitted": null, "project": null, "published": null, "writer_groups": []}}, {"pk": 20, "model": "articles.article", "fields": {"available_to_all_reviewers": false, "status": "Unassigned", "available_to_all_writers": false, "last_action": null, "article_notes": "", "reviewers": [], "article_type": 1, "minimum": 100, "owner": 11, "reviewer": null, "category": null, "style": "", "title": "", "writer": null, "priority": 5, "was_claimed": false, "writers": [], "body": "", "description": "", "tags": "", "deleted": false, "price": "", "expires": null, "rejected": null, "purpose": "", "review_notes": "", "approved": null, "available_to_all_my_writers": false, "referrals": "", "available_to_all_my_reviewers": false, "language": "en", "reviewer_groups": [], "maximum": 0, "submitted": null, "project": null, "published": null, "writer_groups": []}}, {"pk": 21, "model": "articles.article", "fields": {"available_to_all_reviewers": false, "status": "Unassigned", "available_to_all_writers": false, "last_action": null, "article_notes": "", "reviewers": [], "article_type": 1, "minimum": 100, "owner": 11, "reviewer": null, "category": null, "style": "", "title": "", "writer": null, "priority": 5, "was_claimed": false, "writers": [], "body": "", "description": "", "tags": "", "deleted": false, "price": "", "expires": null, "rejected": null, "purpose": "", "review_notes": "", "approved": null, "available_to_all_my_writers": false, "referrals": "", "available_to_all_my_reviewers": false, "language": "en", "reviewer_groups": [], "maximum": 0, "submitted": null, "project": null, "published": null, "writer_groups": []}}, {"pk": 22, "model": "articles.article", "fields": {"available_to_all_reviewers": false, "status": "Unassigned", "available_to_all_writers": false, "last_action": null, "article_notes": "", "reviewers": [], "article_type": 1, "minimum": 100, "owner": 11, "reviewer": null, "category": null, "style": "", "title": "", "writer": null, "priority": 5, "was_claimed": false, "writers": [], "body": "", "description": "", "tags": "", "deleted": false, "price": "", "expires": null, "rejected": null, "purpose": "", "review_notes": "", "approved": null, "available_to_all_my_writers": false, "referrals": "", "available_to_all_my_reviewers": false, "language": "en", "reviewer_groups": [], "maximum": 0, "submitted": null, "project": null, "published": null, "writer_groups": []}}, {"pk": 23, "model": "articles.article", "fields": {"available_to_all_reviewers": false, "status": "Unassigned", "available_to_all_writers": false, "last_action": null, "article_notes": "", "reviewers": [], "article_type": 1, "minimum": 100, "owner": 11, "reviewer": null, "category": null, "style": "", "title": "", "writer": null, "priority": 5, "was_claimed": false, "writers": [], "body": "", "description": "", "tags": "", "deleted": false, "price": "", "expires": null, "rejected": null, "purpose": "", "review_notes": "", "approved": null, "available_to_all_my_writers": false, "referrals": "", "available_to_all_my_reviewers": false, "language": "en", "reviewer_groups": [], "maximum": 0, "submitted": null, "project": null, "published": null, "writer_groups": []}}, {"pk": 24, "model": "articles.article", "fields": {"available_to_all_reviewers": false, "status": "Unassigned", "available_to_all_writers": false, "last_action": null, "article_notes": "", "reviewers": [], "article_type": 1, "minimum": 100, "owner": 11, "reviewer": null, "category": null, "style": "", "title": "", "writer": null, "priority": 5, "was_claimed": false, "writers": [], "body": "", "description": "", "tags": "", "deleted": false, "price": "", "expires": null, "rejected": null, "purpose": "", "review_notes": "", "approved": null, "available_to_all_my_writers": false, "referrals": "", "available_to_all_my_reviewers": false, "language": "en", "reviewer_groups": [], "maximum": 0, "submitted": null, "project": null, "published": null, "writer_groups": []}}, {"pk": 25, "model": "articles.article", "fields": {"available_to_all_reviewers": false, "status": "Unassigned", "available_to_all_writers": false, "last_action": null, "article_notes": "", "reviewers": [], "article_type": 1, "minimum": 100, "owner": 11, "reviewer": null, "category": null, "style": "", "title": "", "writer": null, "priority": 5, "was_claimed": false, "writers": [], "body": "", "description": "", "tags": "", "deleted": false, "price": "", "expires": null, "rejected": null, "purpose": "", "review_notes": "", "approved": null, "available_to_all_my_writers": false, "referrals": "", "available_to_all_my_reviewers": false, "language": "en", "reviewer_groups": [], "maximum": 0, "submitted": null, "project": null, "published": null, "writer_groups": []}}, {"pk": 26, "model": "articles.article", "fields": {"available_to_all_reviewers": false, "status": "Unassigned", "available_to_all_writers": false, "last_action": null, "article_notes": "", "reviewers": [], "article_type": 1, "minimum": 100, "owner": 11, "reviewer": null, "category": null, "style": "", "title": "", "writer": null, "priority": 5, "was_claimed": false, "writers": [], "body": "", "description": "", "tags": "", "deleted": false, "price": "", "expires": null, "rejected": null, "purpose": "", "review_notes": "", "approved": null, "available_to_all_my_writers": false, "referrals": "", "available_to_all_my_reviewers": false, "language": "en", "reviewer_groups": [], "maximum": 0, "submitted": null, "project": null, "published": null, "writer_groups": []}}, {"pk": 27, "model": "articles.article", "fields": {"available_to_all_reviewers": false, "status": "Unassigned", "available_to_all_writers": false, "last_action": null, "article_notes": "", "reviewers": [], "article_type": 1, "minimum": 100, "owner": 11, "reviewer": null, "category": null, "style": "", "title": "", "writer": null, "priority": 5, "was_claimed": false, "writers": [], "body": "", "description": "", "tags": "", "deleted": false, "price": "", "expires": null, "rejected": null, "purpose": "", "review_notes": "", "approved": null, "available_to_all_my_writers": false, "referrals": "", "available_to_all_my_reviewers": false, "language": "en", "reviewer_groups": [], "maximum": 0, "submitted": null, "project": null, "published": null, "writer_groups": []}}, {"pk": 28, "model": "articles.article", "fields": {"available_to_all_reviewers": false, "status": "Unassigned", "available_to_all_writers": false, "last_action": null, "article_notes": "", "reviewers": [], "article_type": 1, "minimum": 100, "owner": 11, "reviewer": null, "category": null, "style": "", "title": "", "writer": null, "priority": 5, "was_claimed": false, "writers": [], "body": "", "description": "", "tags": "", "deleted": false, "price": "", "expires": null, "rejected": null, "purpose": "", "review_notes": "", "approved": null, "available_to_all_my_writers": false, "referrals": "", "available_to_all_my_reviewers": false, "language": "en", "reviewer_groups": [], "maximum": 0, "submitted": null, "project": null, "published": null, "writer_groups": []}}, {"pk": 29, "model": "articles.article", "fields": {"available_to_all_reviewers": false, "status": "Unassigned", "available_to_all_writers": false, "last_action": null, "article_notes": "", "reviewers": [], "article_type": 1, "minimum": 100, "owner": 11, "reviewer": null, "category": null, "style": "", "title": "", "writer": null, "priority": 5, "was_claimed": false, "writers": [], "body": "", "description": "", "tags": "", "deleted": false, "price": "", "expires": null, "rejected": null, "purpose": "", "review_notes": "", "approved": null, "available_to_all_my_writers": false, "referrals": "", "available_to_all_my_reviewers": false, "language": "en", "reviewer_groups": [], "maximum": 0, "submitted": null, "project": null, "published": null, "writer_groups": []}}, {"pk": 30, "model": "articles.article", "fields": {"available_to_all_reviewers": false, "status": "Unassigned", "available_to_all_writers": false, "last_action": null, "article_notes": "", "reviewers": [], "article_type": 1, "minimum": 100, "owner": 11, "reviewer": null, "category": null, "style": "", "title": "", "writer": null, "priority": 5, "was_claimed": false, "writers": [], "body": "", "description": "", "tags": "", "deleted": false, "price": "", "expires": null, "rejected": null, "purpose": "", "review_notes": "", "approved": null, "available_to_all_my_writers": false, "referrals": "", "available_to_all_my_reviewers": false, "language": "en", "reviewer_groups": [], "maximum": 0, "submitted": null, "project": null, "published": null, "writer_groups": []}}, {"pk": 31, "model": "articles.article", "fields": {"available_to_all_reviewers": false, "status": "Unassigned", "available_to_all_writers": false, "last_action": null, "article_notes": "", "reviewers": [], "article_type": 1, "minimum": 100, "owner": 11, "reviewer": null, "category": null, "style": "", "title": "", "writer": null, "priority": 5, "was_claimed": false, "writers": [], "body": "", "description": "", "tags": "", "deleted": false, "price": "", "expires": null, "rejected": null, "purpose": "", "review_notes": "", "approved": null, "available_to_all_my_writers": false, "referrals": "", "available_to_all_my_reviewers": false, "language": "en", "reviewer_groups": [], "maximum": 0, "submitted": null, "project": null, "published": null, "writer_groups": []}}, {"pk": 32, "model": "articles.article", "fields": {"available_to_all_reviewers": false, "status": "Unassigned", "available_to_all_writers": false, "last_action": null, "article_notes": "", "reviewers": [], "article_type": 1, "minimum": 100, "owner": 11, "reviewer": null, "category": null, "style": "", "title": "", "writer": null, "priority": 5, "was_claimed": false, "writers": [], "body": "", "description": "", "tags": "", "deleted": false, "price": "", "expires": null, "rejected": null, "purpose": "", "review_notes": "", "approved": null, "available_to_all_my_writers": false, "referrals": "", "available_to_all_my_reviewers": false, "language": "en", "reviewer_groups": [], "maximum": 0, "submitted": null, "project": null, "published": null, "writer_groups": []}}, {"pk": 33, "model": "articles.article", "fields": {"available_to_all_reviewers": false, "status": "Unassigned", "available_to_all_writers": false, "last_action": null, "article_notes": "", "reviewers": [], "article_type": 1, "minimum": 100, "owner": 11, "reviewer": null, "category": null, "style": "", "title": "", "writer": null, "priority": 5, "was_claimed": false, "writers": [], "body": "", "description": "", "tags": "", "deleted": false, "price": "", "expires": null, "rejected": null, "purpose": "", "review_notes": "", "approved": null, "available_to_all_my_writers": false, "referrals": "", "available_to_all_my_reviewers": false, "language": "en", "reviewer_groups": [], "maximum": 0, "submitted": null, "project": null, "published": null, "writer_groups": []}}, {"pk": 34, "model": "articles.article", "fields": {"available_to_all_reviewers": false, "status": "Unassigned", "available_to_all_writers": false, "last_action": null, "article_notes": "", "reviewers": [], "article_type": 1, "minimum": 100, "owner": 11, "reviewer": null, "category": null, "style": "", "title": "", "writer": null, "priority": 5, "was_claimed": false, "writers": [], "body": "", "description": "", "tags": "", "deleted": false, "price": "", "expires": null, "rejected": null, "purpose": "", "review_notes": "", "approved": null, "available_to_all_my_writers": false, "referrals": "", "available_to_all_my_reviewers": false, "language": "en", "reviewer_groups": [], "maximum": 0, "submitted": null, "project": null, "published": null, "writer_groups": []}}, {"pk": 1, "model": "articles.userprofile", "fields": {"access_token": null, "project_filter_value": "", "writer_filter_value": "", "article_list_view": "", "user": 1, "timezone": "America/Chicago", "mode": 2}}, {"pk": 2, "model": "articles.userprofile", "fields": {"access_token": null, "project_filter_value": "", "writer_filter_value": "", "article_list_view": "", "user": 2, "timezone": "America/Chicago", "mode": 1}}, {"pk": 3, "model": "articles.userprofile", "fields": {"access_token": null, "project_filter_value": "", "writer_filter_value": "", "article_list_view": "", "user": 3, "timezone": "America/Chicago", "mode": 1}}, {"pk": 4, "model": "articles.userprofile", "fields": {"access_token": null, "project_filter_value": "", "writer_filter_value": "", "article_list_view": "", "user": 4, "timezone": "America/Chicago", "mode": 1}}, {"pk": 5, "model": "articles.userprofile", "fields": {"access_token": null, "project_filter_value": "", "writer_filter_value": "", "article_list_view": "", "user": 5, "timezone": "America/Chicago", "mode": 1}}, {"pk": 6, "model": "articles.userprofile", "fields": {"access_token": null, "project_filter_value": "", "writer_filter_value": "", "article_list_view": "", "user": 6, "timezone": "America/Chicago", "mode": 3}}, {"pk": 7, "model": "articles.userprofile", "fields": {"access_token": null, "project_filter_value": "", "writer_filter_value": "", "article_list_view": "", "user": 7, "timezone": "America/Chicago", "mode": 0}}, {"pk": 8, "model": "articles.userprofile", "fields": {"access_token": null, "project_filter_value": "", "writer_filter_value": "", "article_list_view": "", "user": 8, "timezone": "America/Chicago", "mode": 3}}, {"pk": 9, "model": "articles.userprofile", "fields": {"access_token": null, "project_filter_value": "", "writer_filter_value": "", "article_list_view": "", "user": 9, "timezone": "America/Chicago", "mode": 3}}, {"pk": 10, "model": "articles.userprofile", "fields": {"access_token": null, "project_filter_value": "", "writer_filter_value": "", "article_list_view": "", "user": 10, "timezone": "America/Chicago", "mode": 0}}, {"pk": 11, "model": "articles.userprofile", "fields": {"access_token": null, "project_filter_value": "", "writer_filter_value": "", "article_list_view": "", "user": 11, "timezone": "America/Chicago", "mode": 2}}, {"pk": 12, "model": "articles.userprofile", "fields": {"access_token": null, "project_filter_value": "", "writer_filter_value": "", "article_list_view": "", "user": 12, "timezone": "America/Chicago", "mode": 2}}, {"pk": 13, "model": "articles.userprofile", "fields": {"access_token": null, "project_filter_value": "", "writer_filter_value": "", "article_list_view": "", "user": 13, "timezone": "America/Chicago", "mode": 2}}]